Row,bagging,gradient_boosting,logistic_regression,mlp,random_forest,svc_linear,svc_rbf
1,1,1,1,1,1,1,1
2,1,1,1,1,1,1,1
3,1,1,1,1,1,1,1
4,1,1,1,1,1,0,1
5,1,1,1,1,1,1,1
6,1,1,1,1,1,1,1
7,1,1,1,0,1,1,1
8,0,0,0,0,0,0,0
9,0,0,0,0,0,0,0
10,1,1,1,1,1,1,1
11,1,1,1,1,1,1,1
12,1,1,1,1,1,1,1
13,0,1,1,1,1,1,1
14,1,1,0,1,1,0,1
15,1,1,1,1,1,1,1
16,1,1,1,1,1,1,1
17,0,0,0,0,0,0,0
18,1,1,1,1,1,1,1
19,0,0,0,0,0,0,0
20,0,0,1,0,1,1,0
21,1,0,1,1,0,1,0
22,1,1,1,0,0,1,1
23,1,1,1,1,1,1,0
24,1,1,1,1,1,1,1
25,1,1,1,1,1,1,1
26,1,1,1,1,1,1,1
27,1,1,1,1,1,1,1
28,1,1,1,1,1,1,0
29,1,1,1,1,1,1,1
30,0,1,1,1,0,1,0
31,1,1,1,1,1,1,1
32,1,0,1,0,1,1,1
33,1,1,1,1,1,1,1
34,0,0,0,1,0,0,1
35,1,1,1,1,1,1,1
36,0,0,1,0,0,0,0
37,1,1,1,0,1,1,1
38,0,0,0,0,0,0,0
39,0,0,0,0,0,0,0
40,1,1,1,1,1,1,1
41,1,1,1,1,1,1,1
42,0,0,0,0,0,0,0
43,1,1,1,1,1,1,1
44,0,0,0,1,0,0,0
45,1,1,1,1,1,1,1
46,0,0,0,0,0,0,0
47,1,1,1,1,1,1,1
48,0,1,1,1,1,1,1
49,1,1,1,1,1,1,1
50,1,1,1,0,1,1,1
51,1,1,1,0,1,1,1
52,0,1,1,1,0,1,0
53,0,0,1,0,0,1,0
54,1,1,1,1,1,1,1
55,0,1,1,0,1,1,0
56,1,1,1,1,1,1,1
57,1,1,1,1,1,1,1
58,1,1,1,1,1,1,1
59,1,1,1,1,1,1,1
60,0,0,0,0,0,0,0
61,1,1,1,1,1,1,1
62,1,1,1,1,1,1,1
63,0,0,0,0,0,0,0
64,1,1,1,1,1,1,1
65,1,1,1,1,1,1,1
66,1,1,1,1,1,1,1
67,1,1,1,1,1,1,1
68,0,1,1,0,1,1,1
69,0,0,0,0,0,0,0
70,1,1,1,1,1,1,1
71,0,0,1,0,0,0,0
72,1,1,1,1,1,1,1
73,1,1,1,1,1,1,1
74,0,0,0,0,0,0,0
75,1,1,1,0,1,1,1
76,1,1,1,1,1,1,1
77,1,1,1,1,1,1,1
78,1,0,1,1,1,1,0
79,1,1,1,1,1,1,1
80,0,0,0,0,0,0,0
81,1,1,1,1,1,1,1
82,1,1,1,1,1,1,1
83,1,1,1,1,1,1,1
84,1,1,1,1,1,1,1
85,0,1,1,1,1,1,1
86,0,1,1,0,1,1,1
87,1,1,0,1,1,0,0
88,1,1,1,1,1,1,1
89,1,1,1,1,1,1,1
90,0,1,1,1,0,1,1
91,1,1,1,1,1,1,1
92,1,1,0,1,1,0,0
93,0,1,0,0,0,0,0
94,1,1,1,1,1,1,1
95,0,0,0,0,0,0,0
96,0,0,1,0,0,1,1
97,0,1,1,0,1,1,1
98,1,1,1,1,1,1,1
99,1,1,1,1,1,1,1
100,1,1,1,1,1,0,0
101,1,1,1,0,1,0,0
102,1,1,1,1,1,1,0
103,1,1,1,1,1,0,0
104,1,1,1,1,1,1,1
105,1,1,1,1,1,1,1
106,1,1,1,1,1,1,1
107,1,1,1,1,1,1,1
108,1,1,1,1,1,1,1
109,1,1,0,0,1,0,0
110,1,1,1,1,1,1,1
111,1,1,1,1,1,1,1
112,1,1,1,1,1,1,1
113,1,1,1,1,1,1,1
114,1,1,1,1,1,1,1
115,1,1,1,1,1,1,1
116,1,1,1,1,1,1,0
117,0,1,1,0,1,1,0
118,0,0,1,0,0,0,0
119,1,1,1,0,1,1,1
120,0,0,0,0,0,0,0
121,1,1,1,1,1,1,1
122,1,1,1,0,1,1,1
123,1,1,1,1,1,1,1
124,1,1,1,1,1,1,1
125,1,1,1,1,1,1,1
126,1,1,1,1,1,1,1
127,1,1,0,1,1,1,1
128,1,1,1,1,1,1,1
129,0,0,0,0,0,0,0
130,1,1,1,1,1,1,1
131,1,1,1,1,1,1,1
132,1,1,0,1,1,0,0
133,1,1,0,1,1,0,0
134,1,1,1,0,1,1,0
135,0,1,1,0,0,0,0
136,1,1,1,1,1,1,1
137,1,1,1,1,1,1,1
138,1,1,1,0,1,1,1
139,1,1,1,1,1,1,1
140,1,1,1,1,1,1,1
141,1,1,1,1,1,1,1
142,1,1,1,1,1,1,1
143,1,1,0,1,1,1,0
144,1,1,1,1,1,1,1
145,1,1,0,1,1,1,1
146,1,1,1,1,1,1,1
147,1,1,1,1,1,1,1
148,1,1,1,0,1,1,1
149,1,1,1,0,1,1,0
150,1,1,1,0,1,1,0
151,1,1,1,1,1,1,0
152,0,0,0,0,0,0,0
153,1,1,1,1,1,1,1
154,1,1,1,1,1,1,1
155,1,1,1,1,1,1,1
156,1,1,1,1,1,1,1
157,1,1,1,1,1,1,1
158,1,1,1,1,1,1,1
159,1,1,1,1,1,1,1
160,1,0,0,0,1,0,0
161,1,1,1,1,1,1,1
162,0,0,0,0,0,0,0
163,1,1,1,1,1,1,1
164,1,1,1,1,1,1,1
165,1,1,1,1,1,1,1
166,1,1,1,1,1,1,1
167,1,1,1,1,1,1,1
168,0,0,0,0,0,0,0
169,0,1,1,0,0,0,0
170,1,1,1,1,1,0,1
171,0,0,0,0,0,0,0
172,1,1,1,1,1,1,0
173,1,1,1,1,1,1,0
174,1,1,1,1,1,1,1
175,1,1,1,1,1,1,1
176,0,0,1,1,1,1,0
177,1,1,1,1,1,1,1
178,0,1,1,1,1,0,0
179,1,1,1,1,1,1,1
180,1,1,1,1,1,1,1
181,1,1,1,1,1,1,1
182,1,1,1,1,1,1,1
183,1,1,1,1,1,1,1
184,1,1,1,1,1,1,1
185,0,0,0,0,0,0,0
186,1,1,1,1,1,1,1
187,1,1,1,1,1,1,1
188,1,1,1,0,1,1,1
189,1,1,1,1,1,1,1
190,1,1,1,1,1,1,1
191,1,1,1,1,1,1,1
192,1,1,1,1,1,1,0
193,1,1,1,1,1,1,1
194,1,1,1,1,1,1,1
195,1,1,1,1,1,1,1
196,1,1,1,1,1,1,1
197,1,1,1,0,1,1,1
198,1,1,1,1,1,1,1
199,0,0,0,0,0,0,1
200,0,0,0,0,0,0,0
201,0,0,0,0,0,0,0
202,1,1,1,1,1,1,1
203,1,0,1,1,1,1,0
204,1,1,1,1,1,1,1
205,0,0,0,0,0,0,0
206,0,0,0,0,1,0,0
207,0,0,0,0,1,0,0
208,1,1,1,1,1,1,1
209,1,1,1,0,1,1,1
210,1,0,0,0,0,1,0
211,1,0,1,1,1,0,0
212,0,1,0,1,0,0,0
213,1,1,1,1,1,1,1
214,1,1,1,1,1,1,1
215,0,1,1,0,0,0,0
216,1,1,1,1,1,1,1
217,1,1,1,1,0,1,0
218,1,1,1,1,1,1,1
219,1,1,1,1,1,1,1
220,1,1,1,1,1,1,1
221,1,1,1,1,1,1,0
222,1,1,1,1,1,1,1
223,1,1,1,1,1,1,1
224,0,1,1,1,1,1,0
225,0,0,0,0,0,0,0
226,1,1,1,1,1,1,1
227,0,0,1,1,0,1,0
228,1,1,1,1,1,1,1
229,1,1,1,1,1,1,1
230,1,1,1,1,1,1,1
231,0,0,0,0,0,0,0
232,1,1,1,1,1,1,0
233,1,1,1,1,1,1,1
234,1,1,1,1,1,1,1
235,1,0,1,1,0,0,0
236,1,1,0,1,1,0,0
237,1,1,1,1,1,0,0
238,1,1,0,1,1,0,0
239,1,1,0,1,1,0,0
240,1,0,1,1,0,0,0
241,1,1,1,1,1,1,1
242,1,1,1,1,1,1,1
243,0,0,0,1,0,0,0
244,1,1,0,0,1,0,0
245,1,1,0,0,1,1,0
246,1,1,1,1,1,1,1
247,1,1,1,1,1,1,1
248,1,1,1,1,1,1,1
249,0,1,1,0,0,0,0
250,1,1,1,1,1,1,1
251,1,1,1,1,1,1,1
252,1,1,1,1,1,1,1
253,1,1,0,1,1,0,1
254,1,1,1,1,1,1,1
255,1,1,1,1,1,1,1
256,1,1,1,1,1,1,1
257,1,1,1,1,1,1,0
258,1,1,1,1,1,1,1
259,1,1,1,1,1,1,1
260,0,0,0,0,0,0,0
261,1,1,1,1,1,1,0
262,0,0,0,0,0,0,0
263,0,1,1,0,0,1,1
264,1,1,1,1,1,1,0
265,0,0,0,0,0,0,0
266,0,0,0,0,0,0,0
267,0,0,0,0,0,0,0
268,0,0,0,0,0,0,0
269,1,1,1,1,1,1,1
270,1,1,1,1,1,1,1
271,1,1,1,1,1,1,1
272,1,1,1,1,1,1,1
273,0,0,1,0,0,1,0
274,1,1,1,1,1,1,1
275,1,1,1,0,1,1,1
276,1,1,1,1,1,1,1
277,1,1,1,1,1,1,1
278,1,1,1,1,1,1,1
279,0,0,0,0,0,0,0
280,1,1,0,0,1,0,0
281,1,1,1,0,1,1,1
282,0,0,0,0,0,0,0
283,0,1,1,0,1,1,1
284,1,1,0,0,1,0,0
285,1,1,1,1,1,1,1
286,1,1,1,1,1,1,1
287,1,1,1,1,1,1,1
288,1,1,1,1,1,1,1
289,1,0,0,0,1,0,0
290,0,1,1,1,1,1,1
291,1,0,0,0,1,0,0
292,1,0,0,0,1,0,0
293,1,1,1,1,1,1,1
294,1,1,1,0,1,1,1
295,1,1,1,1,1,1,1
296,0,1,1,1,1,1,0
297,1,1,1,1,1,1,1
298,1,1,1,1,1,1,1
299,1,1,1,1,1,1,1
300,1,1,1,1,1,1,1
301,1,1,1,1,1,1,1
302,1,1,1,1,1,1,1
303,1,0,1,0,0,1,0
304,1,1,1,0,1,1,1
305,1,1,1,1,1,1,1
306,1,1,1,1,1,0,0
307,1,1,1,1,1,1,1
308,1,1,1,1,1,1,1
309,1,1,1,1,1,1,1
310,0,1,1,1,1,1,0
311,1,1,1,1,1,0,0
312,0,0,0,0,0,0,0
313,0,0,0,0,0,0,0
314,1,1,1,1,1,1,1
315,0,0,1,0,0,0,0
316,0,1,1,1,1,1,1
317,1,1,1,1,1,1,1
318,1,1,1,1,1,1,0
319,1,0,0,0,1,0,0
320,1,1,1,1,1,1,0
321,1,0,0,0,1,0,0
322,1,1,1,1,1,1,1
323,1,1,1,0,1,1,1
324,0,0,1,1,0,0,0
325,1,1,1,1,1,0,1
326,1,1,1,1,1,0,1
327,0,0,0,0,0,0,0
328,0,0,0,0,0,0,0
329,1,0,1,1,1,1,1
330,0,1,1,0,0,1,0
331,1,1,1,1,1,1,1
332,1,1,1,1,1,1,1
333,0,0,0,0,0,0,0
334,1,1,1,0,1,1,0
335,1,0,0,0,0,0,0
336,0,1,0,0,0,0,0
337,0,1,1,1,0,1,1
338,1,0,1,0,0,1,0
339,1,1,1,0,1,1,1
340,0,0,1,0,0,1,0
341,1,1,1,1,1,1,1
342,1,1,1,1,1,1,0
343,1,1,1,1,1,1,1
344,1,1,1,1,1,1,1
345,1,1,1,1,1,1,1
346,1,1,1,1,1,1,1
347,1,0,0,0,0,0,0
348,0,0,1,0,0,1,0
349,0,1,1,0,1,1,1
350,1,1,1,1,1,1,1
351,1,1,1,1,0,1,1
352,1,1,1,1,1,1,1
353,0,1,1,1,1,1,1
354,0,0,0,0,0,0,0
355,1,1,0,0,1,1,1
356,1,1,1,1,1,1,1
357,0,0,0,0,0,0,0
358,1,1,0,0,1,0,0
359,0,0,0,0,0,0,0
360,1,1,1,0,1,1,1
361,1,1,1,1,1,1,1
362,1,1,1,1,1,1,1
363,0,1,1,0,1,1,0
364,0,0,0,0,0,0,0
365,1,1,0,0,1,0,0
366,0,1,1,0,0,1,0
367,1,1,0,0,1,0,0
368,1,0,1,1,0,1,0
369,1,1,1,1,1,1,1
370,0,1,1,0,0,1,1
371,1,1,1,1,1,1,1
372,1,1,1,1,1,1,1
373,1,1,1,1,1,1,1
374,1,1,1,1,1,1,1
375,1,1,1,1,1,1,1
376,0,0,0,0,0,0,0
377,1,1,1,0,1,1,1
378,0,1,1,0,0,1,1
379,0,0,0,0,0,0,0
380,1,1,1,1,1,1,1
381,1,1,1,1,1,1,1
382,1,1,1,1,1,1,1
383,1,1,1,1,1,1,1
384,1,1,1,1,1,1,1
385,0,1,1,1,0,1,1
386,0,1,1,1,0,1,1
387,1,1,1,1,1,1,0
388,0,0,1,0,0,0,0
389,1,1,1,1,1,1,1
390,0,0,0,0,0,0,0
391,0,0,0,0,0,0,0
392,1,1,1,1,1,1,1
393,1,1,1,1,1,1,1
394,1,1,1,1,1,1,1
395,0,1,1,0,1,1,0
396,0,0,0,0,0,0,0
397,1,1,1,1,1,1,1
398,1,1,1,1,1,1,1
399,1,1,1,1,1,1,1
400,1,1,1,1,1,1,1
401,1,1,1,1,1,1,1
402,1,1,1,1,1,1,1
403,1,1,1,0,1,1,1
404,1,1,1,0,1,1,1
405,1,1,1,1,1,1,1
406,1,1,1,1,1,1,1
407,1,1,1,1,1,1,1
408,0,0,0,0,0,0,0
409,1,1,1,0,0,1,1
410,0,0,0,0,0,0,0
411,0,0,0,0,0,0,0
412,0,1,1,0,1,1,1
413,1,1,1,1,1,1,1
414,0,1,1,0,1,1,1
415,1,1,1,1,1,1,1
416,1,1,1,1,1,1,1
417,1,1,1,0,1,1,1
418,1,1,1,1,1,1,1
419,1,1,1,0,1,1,1
420,1,1,1,1,1,1,1
421,0,0,0,0,0,0,0
422,1,0,0,0,1,0,0
423,1,1,1,1,1,1,1
424,1,0,1,0,1,1,1
425,1,1,1,1,1,1,1
426,0,0,0,0,1,0,0
427,1,1,1,1,1,1,1
428,1,1,1,1,0,1,0
429,0,1,1,0,0,1,1
430,1,1,1,1,1,0,0
431,1,0,1,0,1,1,1
432,1,1,1,1,1,1,1
433,1,1,0,1,1,1,0
434,1,1,1,1,1,1,1
435,1,1,1,1,1,1,1
436,1,1,1,1,1,1,1
437,1,1,1,0,1,0,0
438,1,1,1,0,1,1,1
439,1,1,1,1,1,1,1
440,1,1,1,1,1,1,1
441,0,0,0,0,0,0,0
442,1,1,1,1,1,1,1
443,0,0,0,0,0,0,0
444,0,0,0,0,0,0,0
445,0,1,0,0,1,0,0
446,1,1,1,1,1,0,0
447,0,0,1,0,0,0,0
448,0,0,0,0,0,0,0
449,1,1,1,1,1,1,0
450,1,1,1,1,1,1,1
451,1,1,1,1,1,1,1
452,1,1,0,0,0,0,0
453,1,1,1,0,0,1,0
454,1,1,0,0,1,0,0
455,0,0,1,0,0,0,0
456,0,0,0,0,0,0,0
457,1,1,1,1,1,1,1
458,1,1,1,1,1,1,1
459,1,0,0,0,1,0,0
460,0,0,0,0,0,0,0
461,1,1,1,1,1,1,1
462,0,1,1,1,0,1,1
463,0,0,0,0,0,0,0
464,1,1,1,1,1,1,1
465,1,1,1,1,1,1,1
466,0,1,0,0,0,0,0
467,1,1,1,1,1,1,1
468,0,0,0,1,0,0,0
469,1,1,1,0,1,0,1
470,0,1,1,0,1,1,1
471,0,0,1,0,0,0,0
472,1,1,1,0,1,1,1
473,1,1,1,1,1,1,1
474,0,0,0,0,0,0,0
475,1,1,1,0,1,1,1
476,1,1,1,1,1,1,1
477,0,0,1,1,0,0,0
478,0,0,0,0,0,1,0
479,1,1,1,1,1,1,1
480,1,1,1,1,1,1,1
481,0,0,0,0,0,0,0
482,0,0,0,0,0,0,0
483,1,1,0,1,1,0,0
484,1,1,0,1,1,0,0
485,1,1,1,1,0,1,0
486,0,1,1,0,1,1,1
487,0,1,1,0,1,1,1
488,0,0,1,0,0,0,0
489,0,0,0,0,0,0,0
490,1,1,1,0,1,1,1
491,1,1,1,0,1,1,1
492,1,1,1,0,1,1,1
493,1,1,1,0,1,1,1
494,1,1,1,1,1,1,1
495,1,0,1,1,1,1,1
496,0,0,0,0,1,0,0
497,1,1,1,1,1,0,0
498,1,1,1,1,1,1,1
499,1,0,0,0,1,0,0
500,1,1,1,1,1,1,1
501,1,1,0,1,1,0,0
502,1,1,1,0,1,1,1
503,1,1,0,0,1,0,1
504,0,0,1,0,1,1,0
505,1,0,1,0,1,1,0
506,0,0,0,0,0,1,0
507,1,0,1,0,1,0,0
508,1,1,1,1,1,0,0
509,1,1,1,1,1,1,0
510,0,1,0,0,0,0,0
511,0,1,0,0,1,0,0
512,1,1,1,1,1,1,0
513,0,0,1,0,1,1,0
514,1,0,0,0,1,0,0
515,1,1,0,0,1,0,0
516,1,1,1,1,1,1,1
517,0,1,1,1,0,1,1
518,0,0,0,0,0,0,0
519,0,1,1,0,0,1,1
520,1,1,1,1,1,1,1
521,1,1,1,1,1,1,1
522,1,1,1,1,1,1,1
523,1,1,1,1,1,1,1
524,1,1,1,1,1,1,1
525,1,1,1,1,1,1,1
526,0,1,1,0,1,1,1
527,1,1,1,1,1,1,1
528,1,1,1,1,1,1,1
529,1,1,0,0,1,0,0
530,1,1,1,1,1,1,1
531,1,1,1,0,1,1,1
532,1,1,1,1,1,1,0
533,1,1,1,1,1,1,0
534,1,1,0,1,1,1,0
535,1,1,1,0,1,1,1
536,1,1,1,0,1,1,1
537,1,1,1,1,1,1,1
538,1,1,1,0,1,1,1
539,0,0,0,0,0,0,0
540,0,0,0,0,0,0,0
541,1,1,1,1,1,1,1
542,0,0,1,0,0,1,0
543,1,1,1,1,1,1,1
544,1,1,1,1,1,1,1
545,1,1,1,1,0,0,1
546,1,1,1,1,1,1,1
547,1,1,1,1,1,1,1
548,1,1,1,1,0,1,1
549,0,1,1,1,1,1,1
550,1,1,0,0,0,0,0
551,0,1,1,0,1,1,0
552,1,1,1,0,1,1,1
553,1,1,1,1,1,1,1
554,1,0,1,1,1,1,0
555,1,1,0,1,1,0,1
556,1,1,0,1,1,0,1
557,1,1,1,1,1,1,1
558,1,1,0,1,1,0,1
559,1,1,1,1,1,1,1
560,1,1,1,1,1,1,1
561,1,1,0,1,1,0,0
562,1,1,1,0,1,1,1
563,1,1,1,1,1,1,1
564,1,1,1,1,1,1,1
565,1,1,1,1,1,1,1
566,1,1,0,1,1,0,0
567,1,1,0,1,1,0,1
568,1,1,0,1,1,0,1
569,1,1,1,0,1,1,1
570,1,1,1,1,1,1,1
571,1,1,1,1,1,1,1
572,1,1,1,1,1,1,1
573,0,1,0,1,0,0,0
574,0,0,0,0,0,0,0
575,1,1,1,0,1,1,0
576,0,0,1,0,1,1,1
577,0,0,0,0,0,0,0
578,1,1,1,1,1,1,1
579,1,1,1,1,1,1,1
580,0,0,1,0,0,1,0
581,1,1,1,1,1,1,1
582,1,1,1,1,1,1,1
583,1,1,1,1,1,1,1
584,0,0,0,0,0,0,0
585,0,1,0,0,0,0,0
586,1,1,1,0,1,0,0
587,0,0,0,0,0,0,0
588,1,1,1,1,1,1,1
589,0,0,0,0,0,0,0
590,0,0,0,0,0,0,0
591,1,1,1,1,1,1,1
592,1,1,0,0,1,0,1
593,1,1,1,1,1,1,1
594,1,1,1,1,1,1,1
595,1,1,1,1,1,1,1
596,1,1,1,1,1,1,1
597,1,1,1,1,1,1,1
598,1,1,1,0,0,0,0
599,0,0,1,0,0,0,0
600,0,1,1,0,1,1,1
601,0,0,0,0,0,0,0
602,1,1,1,1,1,0,0
603,1,1,1,1,1,1,1
604,1,1,1,1,1,0,1
605,0,1,0,0,0,0,0
606,0,1,1,1,1,0,0
607,1,1,1,0,1,1,1
608,1,1,1,0,1,1,0
609,0,1,1,0,0,0,0
610,1,1,1,1,1,1,1
611,1,1,1,1,1,1,1
612,1,1,1,1,1,1,0
613,1,1,1,1,1,1,0
614,0,0,1,0,0,1,0
615,1,0,1,1,1,1,0
616,1,1,1,1,1,1,1
617,1,1,1,1,1,1,1
618,1,1,1,1,1,1,1
619,0,1,1,0,0,1,0
620,0,0,1,0,0,1,0
621,1,1,1,1,1,1,1
622,1,1,1,1,1,1,1
623,1,1,1,1,1,1,1
624,0,1,1,0,1,1,1
625,1,1,1,1,1,1,1
626,1,1,1,1,1,1,1
627,1,1,1,1,1,1,1
628,1,1,1,1,1,1,1
629,1,1,1,1,1,0,0
630,1,1,1,1,1,1,1
631,1,1,1,1,1,0,0
632,0,1,1,1,1,1,0
633,1,1,1,1,1,1,1
634,0,0,0,0,0,0,0
635,1,1,1,1,1,1,1
636,1,1,1,0,1,1,1
637,1,1,1,1,1,1,1
638,1,1,1,1,1,1,1
639,0,0,0,0,0,0,0
640,1,1,1,1,1,1,0
641,1,1,1,1,1,1,1
642,1,1,1,1,1,1,1
643,1,1,1,1,1,1,1
644,1,1,1,1,1,1,1
645,1,1,1,1,1,1,1
646,0,0,0,0,0,0,0
647,0,1,1,1,1,1,1
648,0,0,0,0,0,0,0
649,0,0,0,0,0,0,0
650,1,1,0,1,1,0,0
651,1,1,1,1,1,1,1
652,1,1,1,1,1,1,1
653,1,0,0,0,0,0,1
654,0,1,1,1,1,1,1
655,1,1,1,1,1,1,1
656,1,1,1,1,1,1,1
657,1,1,1,1,1,1,1
658,0,0,0,0,0,0,0
659,1,1,1,1,1,1,1
660,0,0,0,0,0,0,0
661,1,1,1,1,1,1,1
662,1,1,1,1,1,1,1
663,0,1,1,1,1,1,1
664,0,1,1,0,0,1,1
665,0,0,1,0,0,1,0
666,1,1,1,1,1,1,1
667,1,1,0,1,1,0,1
668,1,1,1,1,1,1,1
669,0,1,0,0,0,1,0
670,1,1,1,1,1,1,1
671,0,0,1,1,0,1,0
672,1,1,1,1,1,1,1
673,1,1,1,1,1,1,1
674,1,1,1,1,1,1,1
675,1,1,1,1,1,1,1
676,0,1,1,0,0,1,0
677,1,1,1,1,1,1,1
678,1,1,1,0,1,1,1
679,1,1,1,1,1,1,1
680,0,0,1,0,0,1,1
681,1,1,1,0,0,1,0
682,0,1,1,0,1,1,0
683,1,1,1,0,1,1,1
684,1,1,0,1,1,1,1
685,1,1,1,1,1,1,1
686,1,1,0,1,1,1,1
687,1,1,1,1,1,1,1
688,1,1,1,0,1,1,1
689,1,1,1,1,1,1,1
690,0,1,1,1,0,0,0
691,0,0,0,0,0,0,0
692,1,1,1,0,1,1,1
693,1,1,1,1,1,1,1
694,1,1,1,1,1,1,1
695,1,1,1,1,1,1,1
696,1,1,1,0,1,1,1
697,1,1,1,1,1,1,0
698,1,1,1,1,1,1,0
699,1,1,1,1,1,1,1
700,1,1,1,1,1,1,1
701,0,0,0,0,0,0,0
702,1,1,1,1,1,1,0
703,1,0,1,1,1,1,0
704,0,0,0,0,0,0,0
705,0,0,0,0,0,0,0
706,1,1,1,1,1,1,1
707,1,1,1,1,1,1,1
708,1,1,1,1,1,1,0
709,1,1,1,0,1,1,1
710,1,1,1,0,1,1,1
711,1,1,1,0,0,1,1
712,1,1,1,1,1,1,1
713,1,1,1,1,1,1,1
714,1,1,1,1,1,1,1
715,1,1,1,1,1,1,1
716,0,0,1,0,0,0,0
717,1,1,1,1,1,1,1
718,1,1,1,1,1,1,1
719,1,1,1,1,1,1,1
720,1,1,1,1,1,1,1
721,1,1,1,1,1,1,1
722,1,1,1,1,1,1,1
723,0,1,1,1,1,1,0
724,0,0,0,0,0,0,0
725,0,0,0,0,0,0,0
726,1,1,1,1,0,1,1
727,1,1,1,1,1,1,1
728,0,1,1,0,1,1,1
729,0,1,1,0,1,1,1
730,0,0,1,1,0,1,1
731,1,1,1,0,1,1,1
732,1,1,0,1,1,1,1
733,1,1,1,1,1,1,1
734,1,1,1,1,1,1,1
735,1,1,1,1,1,1,1
736,1,1,1,1,1,1,1
737,1,1,1,1,1,1,1
738,0,1,0,0,0,0,0
739,1,1,1,1,1,1,1
740,1,1,1,1,1,1,1
741,1,1,1,0,1,1,1
742,1,1,1,1,1,1,1
743,1,1,1,0,1,1,1
744,1,1,1,1,1,1,1
745,1,1,1,1,1,1,1
746,1,1,1,1,1,1,1
747,0,0,0,0,0,0,0
748,1,1,1,1,1,1,1
749,1,1,1,1,1,1,1
750,1,1,1,1,1,1,1
751,1,1,1,1,1,1,1
752,1,1,1,1,1,1,1
753,1,1,1,1,1,1,1
754,1,1,1,1,1,1,1
755,0,1,0,0,0,0,0
756,1,0,1,1,0,0,0
757,1,0,1,1,0,0,0
758,1,1,1,1,1,1,1
759,1,1,1,1,1,1,1
760,1,1,1,1,1,1,1
761,1,1,1,1,1,1,1
762,1,1,1,1,1,1,1
763,0,0,1,1,0,1,0
764,1,1,1,1,1,1,1
765,0,0,0,1,1,0,0
766,1,1,1,1,1,0,0
767,1,1,1,1,1,1,1
768,1,1,1,1,1,1,1
769,1,0,0,1,1,0,0
770,1,1,1,1,1,1,1
771,1,0,0,1,1,0,0
772,1,1,1,1,1,1,1
773,1,1,1,1,1,1,1
774,1,1,1,1,1,1,1
775,1,1,1,1,1,1,1
776,1,1,1,1,1,1,1
777,1,1,0,1,1,0,1
778,1,1,1,0,1,1,1
779,1,1,1,1,1,1,0
780,1,1,1,0,1,1,1
781,1,1,0,0,1,0,0
782,1,1,1,1,1,1,1
783,1,1,1,1,1,1,1
784,1,1,1,1,1,1,1
785,1,1,1,0,1,1,1
786,1,1,1,1,1,1,1
787,1,1,1,1,1,1,1
788,1,1,1,1,1,1,0
789,1,1,1,1,1,1,0
790,1,1,1,1,1,1,1
791,1,1,0,1,0,0,0
792,1,1,1,1,1,1,1
793,0,0,0,0,0,0,0
794,1,1,0,0,1,0,0
795,1,1,1,1,1,1,1
796,0,1,1,0,0,1,1
797,1,1,1,1,1,1,1
798,0,0,0,0,0,0,0
799,1,1,1,1,1,1,0
800,1,1,1,1,1,1,0
801,1,1,1,1,1,1,1
802,1,1,1,1,1,1,1
803,1,1,0,0,1,0,1
804,1,0,1,0,0,1,0
805,1,1,1,1,1,1,0
806,1,1,1,0,1,1,1
807,1,1,1,0,1,1,1
808,1,1,1,0,1,1,1
809,1,1,1,1,1,1,0
810,1,1,1,1,1,1,0
811,1,1,1,1,1,1,1
812,1,1,1,1,1,1,1
813,1,0,0,1,1,0,0
814,0,0,0,0,0,0,0
815,1,1,1,0,1,1,1
816,1,1,0,1,1,0,0
817,1,1,1,0,1,1,1
818,0,1,1,1,0,1,1
819,1,1,1,1,1,1,1
820,1,1,1,0,1,1,1
821,1,1,1,1,1,1,1
822,0,0,1,0,0,1,0
823,1,1,1,1,1,1,1
824,1,1,1,1,1,1,1
825,1,1,1,1,1,1,1
826,1,1,1,1,1,1,0
827,0,0,0,0,1,0,0
828,1,1,1,1,1,1,0
829,0,0,0,0,0,0,0
830,1,1,1,1,1,1,1
831,0,0,0,0,0,0,0
832,1,1,1,1,1,1,1
833,0,0,0,0,0,0,0
834,0,0,0,0,0,0,0
835,1,1,1,1,1,1,1
836,1,1,1,1,1,1,1
837,0,0,0,0,0,0,0
838,0,0,0,0,0,0,0
839,0,1,0,0,1,0,0
840,1,1,1,1,1,1,1
841,0,1,0,0,0,0,0
842,1,1,1,0,1,1,0
843,1,1,1,1,1,1,1
844,1,1,1,1,1,1,1
845,1,0,1,0,0,1,1
846,1,1,1,1,1,1,1
847,1,1,1,1,1,1,1
848,0,0,1,0,0,1,0
849,1,1,1,1,1,1,1
850,1,1,1,1,1,1,1
851,1,1,1,1,1,1,1
852,1,1,1,1,1,1,1
853,1,1,1,0,1,1,1
854,1,1,1,1,1,1,1
855,1,1,1,1,1,1,1
856,0,1,0,0,0,0,0
857,1,1,1,1,1,1,1
858,0,0,0,0,0,0,0
859,0,0,0,0,0,0,0
860,1,1,1,1,1,1,1
861,1,1,1,1,1,1,1
862,0,0,0,1,0,0,0
863,1,1,1,1,1,1,1
864,1,1,1,1,1,1,1
865,1,1,1,1,1,1,1
866,1,1,1,1,1,1,1
867,1,1,1,1,1,1,1
868,1,1,1,1,1,1,1
869,1,1,1,1,1,1,1
870,1,1,1,1,1,1,1
871,1,1,1,1,1,1,1
872,0,1,1,0,0,0,0
873,0,0,0,0,0,0,0
874,0,0,0,0,0,0,0
875,0,1,0,0,1,0,0
876,1,1,1,0,1,1,1
877,0,0,0,0,0,0,0
878,1,1,1,1,1,1,1
879,1,1,1,1,1,1,0
880,1,1,1,1,1,1,1
881,1,1,1,0,1,1,1
882,1,1,1,0,1,1,1
883,0,1,1,1,0,1,1
884,1,1,1,1,1,1,1
885,1,0,1,1,1,0,0
886,1,1,1,0,0,1,0
887,1,1,1,0,1,1,1
888,0,0,0,0,0,0,0
889,1,1,1,1,1,1,1
890,1,1,1,1,1,1,1
891,1,1,1,1,0,1,0
892,1,1,1,1,1,1,1
893,1,0,1,0,1,1,1
894,1,1,1,1,1,1,1
895,1,0,0,0,0,0,0
896,1,1,1,1,1,1,1
897,1,1,1,0,1,1,1
898,1,1,1,1,1,1,1
899,1,1,1,0,1,1,1
900,0,0,0,0,0,0,0
901,0,0,0,0,0,0,0
902,0,0,0,0,1,0,0
903,1,0,0,0,1,0,0
904,0,0,0,0,1,0,0
905,1,0,0,0,1,0,0
906,1,1,1,1,1,1,1
907,1,0,1,1,0,1,0
908,1,1,1,0,0,1,0
909,1,1,1,1,1,1,1
910,1,0,1,1,1,1,1
911,0,1,1,1,1,1,1
912,1,0,1,0,0,1,0
913,0,1,1,1,0,1,1
914,1,1,1,0,1,1,1
915,1,0,1,1,1,1,1
916,0,0,1,0,0,1,0
917,1,1,1,0,1,1,1
918,1,1,1,1,1,1,1
919,1,1,1,1,1,1,1
920,1,1,1,0,1,1,1
921,1,1,1,1,1,1,0
922,1,1,1,1,1,1,1
923,1,1,1,0,1,1,1
924,1,1,1,1,1,1,1
925,1,0,0,1,1,0,0
926,0,0,0,0,0,0,0
927,1,1,1,1,1,1,1
928,0,0,0,0,0,0,0
929,0,0,0,1,1,0,0
930,1,1,1,0,1,1,1
931,1,1,1,1,1,1,1
932,1,1,1,1,1,1,1
933,1,1,1,1,1,0,0
934,1,1,1,1,1,1,1
935,1,1,1,1,1,1,1
936,1,1,1,1,1,1,1
937,1,1,1,1,1,1,1
938,0,0,0,0,0,0,0
939,1,1,1,0,0,1,0
940,1,1,0,1,1,0,1
941,1,1,1,0,1,1,1
942,0,0,1,0,0,1,1
943,0,0,0,0,0,0,0
944,0,0,0,0,0,0,0
945,0,1,1,0,1,1,1
946,0,0,0,0,0,0,1
947,1,1,1,0,1,1,1
948,1,1,0,0,1,1,0
949,1,1,1,0,1,1,1
950,1,1,1,0,1,1,1
951,1,1,1,0,1,1,1
952,1,1,1,0,1,1,1
953,0,0,0,0,1,0,0
954,1,1,1,0,1,1,1
955,1,1,1,1,1,1,1
956,1,0,0,1,1,0,0
957,1,1,1,1,1,1,1
958,1,1,1,1,1,1,1
959,0,0,0,0,0,0,0
960,0,0,1,0,0,1,0
961,1,1,1,1,1,1,1
962,1,1,1,1,1,1,1
963,1,1,1,0,1,1,1
964,1,0,1,1,1,1,1
965,1,1,1,1,1,1,1
966,1,1,1,1,1,1,1
967,1,0,0,0,0,0,0
968,1,1,1,1,1,1,1
969,1,1,1,1,1,1,1
970,1,1,1,1,1,1,1
971,1,1,1,1,1,1,0
972,1,1,1,1,1,1,0
973,0,0,0,0,0,0,0
974,1,0,0,0,0,0,0
975,0,1,1,0,1,1,1
976,1,1,1,1,1,1,1
977,1,1,1,1,1,1,1
978,1,1,1,1,1,1,1
979,0,0,0,0,0,0,0
980,1,1,0,1,1,0,0
981,0,1,1,1,1,1,1
982,1,1,1,1,1,1,1
983,1,0,0,1,1,1,1
984,0,1,1,1,1,1,1
985,1,1,0,1,1,0,0
986,0,1,1,1,0,1,1
987,0,0,0,0,0,0,0
988,1,1,1,1,1,1,1
989,1,1,1,1,1,1,1
990,1,0,1,0,1,1,1
991,1,1,1,1,1,1,1
992,1,1,1,1,1,1,1
993,0,0,1,0,0,1,0
994,1,1,1,1,1,1,1
995,1,1,1,1,1,1,1
996,1,1,1,1,1,1,1
997,0,0,0,0,0,0,0
998,0,0,0,0,0,0,0
999,1,0,0,0,0,0,0
1000,0,1,1,0,0,1,1
1001,0,0,0,0,0,0,0
1002,0,1,0,0,0,0,0
1003,1,1,1,0,1,1,1
1004,1,1,0,0,1,0,0
1005,1,1,1,0,1,1,0
1006,0,0,1,0,1,1,0
1007,1,1,1,0,1,1,1
1008,1,1,1,0,1,1,1
1009,0,1,0,0,1,0,1
1010,0,1,1,0,0,0,0
1011,1,1,1,0,1,1,0
1012,1,1,1,1,1,1,1
1013,1,1,1,1,1,1,1
1014,1,0,1,1,1,1,0
1015,0,1,1,0,1,1,1
1016,1,1,1,1,1,1,0
1017,1,1,1,0,1,1,1
1018,1,1,0,1,1,1,1
1019,1,1,0,1,1,1,1
1020,1,1,1,1,1,1,1
1021,1,1,1,1,1,1,1
1022,1,1,1,1,1,1,1
1023,1,0,1,1,1,1,1
1024,0,0,1,1,0,1,1
1025,1,0,0,0,1,0,0
1026,1,1,1,0,1,1,0
1027,1,1,1,1,1,1,1
1028,0,0,0,0,0,0,0
1029,1,1,1,1,1,1,0
1030,1,0,0,0,1,0,0
1031,0,0,0,0,0,0,0
1032,0,0,0,0,0,0,0
1033,1,1,1,1,1,1,1
1034,1,1,1,1,1,1,1
1035,0,0,0,0,0,0,0
1036,0,0,0,0,0,0,0
1037,0,0,1,0,0,0,0
1038,1,1,1,1,1,1,1
1039,1,1,1,0,1,1,1
1040,1,1,1,1,1,1,1
1041,1,0,1,0,1,1,1
1042,0,1,1,1,1,1,0
1043,1,1,1,1,1,1,1
1044,0,0,0,0,0,1,0
1045,1,0,1,1,1,1,1
1046,1,1,1,0,1,1,1
1047,1,1,1,1,1,1,1
1048,1,1,1,0,1,1,0
1049,1,1,1,1,1,1,1
1050,1,1,1,1,1,1,1
1051,1,1,1,0,1,1,0
1052,1,1,1,1,1,1,1
1053,0,0,0,0,0,0,0
1054,1,1,1,0,1,1,1
1055,1,1,0,1,1,0,0
1056,1,1,0,1,1,0,0
1057,1,1,0,0,1,0,0
1058,1,1,1,1,1,1,1
1059,0,0,0,0,0,0,0
1060,1,1,0,0,1,0,1
1061,1,1,1,0,1,1,1
1062,0,0,0,0,0,0,0
1063,1,1,1,1,1,1,1
1064,0,1,1,0,0,1,0
1065,1,0,1,0,1,1,1
1066,1,1,1,0,1,1,0
1067,0,1,0,0,0,0,0
1068,1,1,1,0,1,1,1
1069,1,1,1,0,1,1,1
1070,0,0,1,0,0,1,0
1071,1,1,0,0,1,0,0
1072,1,1,1,1,1,1,1
1073,1,1,1,0,1,1,0
1074,1,1,1,1,1,1,1
1075,1,1,1,1,1,1,1
1076,0,0,0,0,0,0,0
1077,0,0,1,1,0,1,0
1078,1,1,0,1,1,0,1
1079,1,1,0,1,1,0,0
1080,1,1,0,0,1,0,1
1081,1,0,1,1,0,1,1
1082,1,1,0,0,1,0,1
1083,1,1,1,1,1,1,0
1084,0,1,1,1,1,1,1
1085,1,1,0,1,1,1,0
1086,1,1,1,1,1,1,1
1087,1,1,0,0,1,0,1
1088,0,0,1,1,0,1,0
1089,1,0,0,0,1,0,0
1090,1,0,0,0,1,0,0
1091,0,0,0,0,0,0,0
1092,1,1,1,1,1,1,1
1093,1,1,1,1,1,1,1
1094,1,1,1,0,1,1,1
1095,1,1,1,1,1,1,0
1096,1,1,1,1,1,1,1
1097,1,0,1,1,1,1,0
1098,1,1,1,1,1,1,1
1099,1,1,0,0,1,0,0
1100,1,1,1,1,1,1,1
1101,0,0,0,0,0,1,0
1102,1,1,1,1,1,1,1
1103,1,1,1,0,1,1,1
1104,1,1,1,1,1,1,1
1105,1,1,1,1,1,1,1
1106,0,0,0,0,0,0,0
1107,0,1,1,0,0,1,1
1108,1,1,1,0,1,1,1
1109,1,1,1,1,1,1,1
1110,1,1,1,0,1,1,1
1111,1,1,1,1,1,1,1
1112,0,0,0,0,0,0,0
1113,0,0,1,0,0,1,1
1114,1,1,1,1,1,1,1
1115,1,1,0,1,1,0,1
1116,1,1,1,1,1,1,1
1117,1,1,1,1,1,1,1
1118,1,1,1,1,1,1,1
1119,1,1,1,1,1,1,1
1120,0,0,0,0,0,0,0
1121,0,0,0,0,0,0,0
1122,1,1,1,1,1,1,1
1123,1,1,1,0,1,1,1
1124,1,1,1,0,1,1,1
1125,0,0,0,0,0,0,0
1126,0,0,0,0,1,0,0
1127,0,1,0,0,1,1,1
1128,1,1,1,1,1,1,1
1129,1,1,1,1,1,1,1
1130,1,1,1,0,1,1,1
1131,1,1,1,1,1,1,1
1132,0,1,1,1,1,1,1
1133,0,1,1,0,1,1,1
1134,0,0,0,0,0,0,0
1135,1,1,1,0,1,0,1
1136,1,1,1,1,1,1,1
1137,1,1,1,1,1,1,1
1138,1,1,1,1,1,1,1
1139,1,1,1,1,1,1,1
1140,1,1,0,1,0,0,0
1141,1,1,0,1,1,0,0
1142,1,1,1,0,1,1,1
1143,1,1,1,0,1,1,1
1144,1,1,1,0,1,1,1
1145,0,0,1,0,1,1,0
1146,0,1,1,1,1,1,1
1147,1,1,1,0,1,1,1
1148,1,0,0,0,0,0,0
1149,1,1,1,1,1,1,1
1150,1,1,1,1,1,1,1
1151,1,1,1,0,1,1,1
1152,1,1,1,1,1,1,1
1153,1,1,1,1,1,1,1
1154,1,1,1,1,1,1,1
1155,1,1,1,1,1,1,1
1156,1,1,1,1,1,1,1
1157,0,0,0,0,0,0,0
1158,1,1,0,0,1,0,1
1159,1,1,1,1,1,1,1
1160,1,1,0,1,0,0,0
1161,0,0,0,0,0,0,0
1162,1,1,1,1,1,1,1
1163,1,1,1,0,1,0,1
1164,1,1,1,1,1,1,1
1165,1,1,1,1,1,1,1
1166,1,1,1,0,1,1,1
1167,1,1,1,0,0,1,1
1168,1,1,1,0,1,1,1
1169,1,1,1,1,1,1,1
1170,1,1,1,1,1,1,1
1171,1,1,1,1,1,1,1
1172,1,1,1,1,1,1,1
1173,0,1,1,1,1,1,1
1174,1,1,0,1,1,1,0
1175,1,1,1,1,1,1,0
1176,1,1,1,1,1,1,1
1177,0,0,0,0,0,0,0
1178,0,0,0,0,0,0,0
1179,1,0,1,0,0,1,0
1180,1,1,1,1,1,1,1
1181,1,1,1,1,1,1,1
1182,0,0,0,0,0,0,0
1183,1,1,1,0,0,1,1
1184,1,1,1,1,1,1,1
1185,1,1,1,1,1,1,1
1186,1,1,1,1,1,1,1
1187,0,0,0,0,0,0,1
1188,1,1,1,1,1,1,1
1189,1,1,1,1,1,1,1
1190,0,0,0,0,0,0,0
1191,1,1,1,0,1,1,0
1192,1,1,1,1,1,1,1
1193,0,1,1,0,1,1,1
1194,1,1,1,1,1,1,1
1195,0,0,0,0,0,0,0
1196,1,0,1,0,0,0,0
1197,0,0,0,1,0,0,0
1198,1,1,1,1,1,1,0
1199,0,1,1,0,1,1,1
1200,0,0,0,1,0,0,0
1201,1,0,1,1,1,0,0
1202,0,0,0,0,0,0,0
1203,0,0,0,0,0,0,0
1204,1,1,1,0,1,1,1
1205,1,1,0,0,1,0,0
1206,1,1,0,0,1,0,0
1207,1,1,0,0,1,0,0
1208,1,1,1,0,1,1,0
1209,1,1,0,0,1,0,0
1210,0,0,0,0,0,0,0
1211,1,1,1,1,1,1,1
1212,1,1,1,1,1,1,1
1213,1,1,1,1,1,1,1
1214,1,1,1,1,1,1,1
1215,0,1,1,0,1,1,0
1216,1,1,1,1,1,1,1
1217,0,0,0,1,0,0,0
1218,1,1,1,1,0,1,1
1219,1,1,1,0,1,1,1
1220,0,1,1,0,0,1,1
1221,1,1,1,1,1,1,1
1222,1,1,1,1,1,1,1
1223,0,0,0,0,0,0,0
1224,0,0,1,1,0,1,0
1225,1,1,1,1,1,1,1
1226,1,1,1,1,1,1,1
1227,1,1,1,1,1,1,1
1228,1,1,1,1,1,1,0
1229,0,0,0,0,0,0,0
1230,1,1,1,1,1,1,1
1231,0,1,0,0,0,1,0
1232,1,0,1,1,1,1,1
1233,1,1,1,1,1,1,1
1234,0,0,0,0,0,0,0
1235,1,1,1,1,1,1,1
1236,0,0,0,0,0,0,0
1237,0,0,1,0,0,1,0
1238,1,1,1,1,1,1,1
1239,0,0,0,0,0,0,0
1240,0,0,0,0,0,0,0
1241,1,1,1,1,1,1,1
1242,0,1,1,1,1,1,1
1243,1,1,1,1,1,1,1
1244,1,1,1,0,1,1,1
1245,1,1,0,1,1,0,0
1246,1,0,1,0,0,1,0
1247,1,1,1,1,1,1,1
1248,1,0,1,0,0,1,0
1249,1,1,1,1,1,1,1
1250,1,1,1,1,1,1,1
1251,1,1,1,1,1,1,1
1252,1,1,1,1,1,1,1
1253,1,1,1,1,1,1,1
1254,1,1,1,1,1,1,1
1255,0,0,1,0,0,0,0
1256,1,1,1,1,1,1,0
1257,1,1,1,1,1,1,1
1258,1,1,1,0,1,0,1
1259,1,1,1,1,1,1,1
1260,1,1,1,1,1,1,1
1261,1,1,1,0,1,1,1
1262,0,0,0,0,0,0,0
1263,1,1,1,1,1,1,1
1264,0,0,0,0,0,0,0
1265,1,1,1,1,1,1,1
1266,1,1,1,1,1,1,1
1267,1,1,1,1,1,1,1
1268,1,1,1,1,1,1,0
1269,1,0,1,1,0,0,0
1270,0,0,0,0,0,0,0
1271,1,1,0,1,1,1,1
1272,1,1,1,1,1,1,1
1273,1,1,1,0,0,0,0
1274,1,1,1,1,1,1,1
1275,1,1,1,1,1,1,1
1276,0,0,0,1,0,0,0
1277,0,0,0,0,0,0,0
1278,1,0,1,0,0,0,0
1279,0,0,0,1,0,0,0
1280,1,0,0,0,1,0,0
1281,1,1,1,1,1,1,1
1282,1,1,1,1,1,1,1
1283,1,1,1,0,1,1,1
1284,1,1,1,0,1,0,0
1285,0,0,0,0,0,0,0
1286,1,0,1,0,1,1,0
1287,1,1,0,1,1,1,1
1288,1,1,0,0,1,0,0
1289,1,1,1,1,1,1,1
1290,1,1,1,1,1,1,1
1291,0,1,0,1,0,0,0
1292,1,1,1,1,1,1,1
1293,1,1,1,1,1,1,1
1294,0,0,0,0,0,0,0
1295,1,1,1,1,1,1,1
1296,1,1,1,0,1,1,1
1297,1,1,1,0,1,1,1
1298,1,1,1,1,1,1,1
1299,1,1,1,0,1,1,1
1300,0,0,0,0,0,0,0
1301,1,1,1,1,1,1,1
1302,1,1,1,0,1,1,1
1303,1,0,1,0,0,1,0
1304,0,0,0,0,0,0,0
1305,1,1,1,1,1,1,1
1306,1,1,1,1,1,1,1
1307,1,1,1,1,1,1,1
1308,0,0,0,0,0,0,0
1309,1,1,1,1,1,1,1
1310,1,1,1,1,1,1,1
1311,1,1,1,1,1,1,1
1312,1,1,1,1,1,1,1
1313,1,1,1,1,1,1,1
1314,1,1,1,1,1,1,1
1315,1,1,1,0,1,1,0
1316,1,1,0,1,1,0,0
1317,1,1,1,1,1,1,1
1318,1,1,1,1,1,1,1
1319,1,1,0,1,1,0,0
1320,0,0,0,0,0,0,0
1321,1,1,1,0,1,1,1
1322,1,1,1,1,1,1,1
1323,0,0,0,0,0,0,0
1324,0,0,0,0,0,0,0
1325,1,1,1,1,1,1,1
1326,1,1,1,1,1,1,1
1327,1,1,1,1,1,1,1
1328,1,1,1,1,1,1,1
1329,1,1,1,1,1,1,1
1330,1,1,0,1,1,0,0
1331,1,1,0,1,1,0,0
1332,1,1,1,1,1,1,1
1333,0,0,1,0,0,1,0
1334,1,1,1,0,1,1,1
1335,0,1,1,1,1,1,1
1336,1,1,1,1,1,1,1
1337,1,1,1,1,1,1,1
1338,1,1,1,1,1,1,1
1339,1,1,1,1,1,1,1
1340,1,1,1,1,1,1,1
1341,1,1,1,1,1,1,1
1342,1,1,1,1,1,1,1
1343,0,1,1,1,1,1,1
1344,1,1,1,1,1,1,1
1345,1,1,0,0,1,0,0
1346,1,1,1,0,1,1,0
1347,0,1,0,0,0,0,0
1348,1,1,1,1,1,1,1
1349,1,1,1,1,1,1,1
1350,1,1,1,0,0,1,0
1351,1,1,1,0,1,1,1
1352,1,1,1,0,1,1,1
1353,1,1,1,1,1,1,1
1354,1,1,1,1,1,1,1
1355,1,1,1,1,1,1,1
1356,1,1,1,1,1,1,1
1357,1,1,1,1,1,1,1
1358,0,1,1,0,1,1,1
1359,1,1,1,1,1,1,1
1360,1,0,1,0,1,1,1
1361,0,1,1,1,0,1,0
1362,1,1,1,1,1,1,1
1363,1,0,1,0,1,1,1
1364,0,0,0,0,0,0,0
1365,1,1,1,1,1,1,1
1366,1,1,1,0,1,1,1
1367,1,1,1,1,1,1,1
1368,0,0,0,0,0,0,0
1369,0,0,0,0,0,0,0
1370,0,0,0,0,0,0,0
1371,1,1,1,1,1,1,1
1372,1,1,1,0,1,1,1
1373,1,1,1,1,1,1,1
1374,1,1,1,1,1,1,1
1375,0,0,0,0,0,0,0
1376,1,1,1,1,1,1,1
1377,1,1,1,0,1,1,1
1378,1,1,1,0,0,1,1
1379,1,0,1,0,0,1,0
1380,1,1,1,1,1,1,1
1381,1,1,1,1,1,1,1
1382,1,1,1,1,1,1,1
1383,1,1,1,1,1,1,1
1384,1,1,1,1,1,1,1
1385,1,1,1,1,1,1,1
1386,1,1,1,1,1,1,1
1387,1,1,1,1,1,1,1
1388,1,1,1,1,1,1,1
1389,1,1,1,1,1,1,1
1390,1,1,1,0,1,1,1
1391,1,1,1,0,1,1,1
1392,0,1,1,1,1,1,0
1393,1,1,1,1,1,1,1
1394,1,1,1,1,1,1,1
1395,1,1,1,1,1,1,1
1396,0,0,1,0,0,0,0
1397,1,1,1,0,0,1,1
1398,1,1,1,1,1,1,1
1399,0,0,0,0,0,0,0
1400,1,1,1,1,1,1,1
1401,1,1,1,1,1,1,1
1402,1,1,1,1,1,1,1
1403,0,0,1,1,1,1,0
1404,0,0,0,0,0,0,0
1405,1,1,1,1,1,1,0
1406,1,1,1,0,1,0,1
1407,1,1,1,1,1,1,0
1408,1,1,1,1,1,1,1
1409,0,1,1,0,1,1,0
1410,1,1,1,1,1,1,1
1411,0,0,1,0,0,1,0
1412,1,1,1,0,1,1,1
1413,1,1,1,1,1,1,0
1414,0,1,1,1,1,1,1
1415,1,1,1,1,1,1,0
1416,1,1,1,0,1,1,0
1417,1,1,1,1,1,0,0
1418,0,1,0,0,1,0,0
1419,1,1,1,1,1,1,1
1420,1,1,1,1,1,1,1
1421,1,1,1,1,1,1,1
1422,1,1,1,1,1,1,1
1423,1,1,1,1,1,1,1
1424,0,0,0,0,0,0,0
1425,1,1,1,1,1,1,1
1426,1,1,1,1,1,1,1
1427,1,1,1,0,1,1,1
1428,0,0,0,0,0,0,0
1429,0,0,1,0,0,0,0
1430,0,0,0,0,0,0,0
1431,0,0,1,1,0,1,0
1432,0,1,0,0,1,0,0
1433,0,0,1,1,0,1,1
1434,0,0,0,0,0,0,0
1435,1,1,0,1,1,0,0
1436,1,1,0,1,1,0,0
1437,1,1,1,1,1,1,1
1438,1,0,1,1,0,1,0
1439,1,1,1,1,1,1,1
1440,1,1,1,1,1,1,1
1441,0,1,0,0,1,0,0
1442,1,1,0,1,1,0,0
1443,1,1,1,1,1,1,0
1444,0,0,0,1,0,0,0
1445,1,1,1,1,1,1,1
1446,1,1,0,1,1,0,0
1447,1,1,1,1,1,1,0
1448,1,1,1,1,1,1,1
1449,1,1,1,1,1,1,1
1450,0,0,0,0,0,0,0
1451,1,1,0,0,1,0,0
1452,0,0,0,0,1,0,0
1453,1,0,0,0,0,0,0
1454,1,1,1,1,1,1,1
1455,1,1,1,1,1,1,1
1456,1,1,1,1,1,1,1
1457,0,1,1,0,1,0,0
1458,1,1,1,1,1,1,1
1459,0,1,0,1,0,0,0
1460,1,1,1,0,1,1,1
1461,0,1,1,0,1,1,1
1462,0,0,0,0,0,0,0
1463,1,1,1,1,1,1,1
1464,0,1,1,1,1,1,1
1465,1,1,1,1,1,1,1
1466,1,1,1,1,1,1,1
1467,0,0,0,0,1,0,0
1468,0,0,0,0,0,0,0
1469,1,0,0,0,1,0,0
1470,0,0,0,0,0,0,0
1471,1,1,1,1,1,1,1
1472,0,0,0,0,0,0,0
1473,0,1,1,0,1,1,1
1474,0,1,1,0,1,1,0
1475,1,1,1,1,1,1,0
1476,1,1,1,0,1,1,1
1477,1,1,1,1,1,1,0
1478,1,1,1,0,1,1,1
1479,0,0,0,0,0,0,0
1480,1,1,0,1,1,0,0
1481,0,0,0,0,0,0,0
1482,0,1,0,1,1,0,0
1483,0,0,0,0,0,0,0
1484,0,0,0,0,0,0,0
1485,0,0,0,0,0,0,0
1486,1,1,1,1,1,1,1
1487,1,1,1,1,0,1,1
1488,0,0,0,0,0,0,0
1489,0,1,0,0,1,0,1
1490,1,1,1,1,1,1,1
1491,1,1,1,0,1,1,1
1492,0,1,0,0,1,0,1
1493,1,1,0,1,1,0,0
1494,1,1,1,1,1,1,1
1495,0,0,0,0,0,0,0
1496,1,1,1,0,1,1,1
1497,1,1,1,1,1,1,1
1498,1,1,1,1,1,1,1
1499,0,0,1,1,0,1,0
1500,1,1,1,1,1,1,1
1501,1,1,1,1,1,1,1
1502,1,1,1,1,1,1,1
1503,1,1,1,1,1,1,1
1504,1,1,1,0,1,1,1
1505,1,1,1,1,1,1,1
1506,0,0,0,0,0,0,0
1507,1,1,1,1,1,1,1
1508,1,1,1,1,1,1,1
1509,0,1,1,1,1,1,1
1510,0,0,0,0,0,0,0
1511,0,1,1,0,1,1,1
1512,0,1,1,0,1,1,1
1513,1,1,1,1,1,1,0
1514,0,1,1,1,1,0,1
1515,1,1,0,1,1,0,0
1516,1,1,0,1,1,0,0
1517,0,0,0,0,0,0,0
1518,1,1,1,1,1,1,1
1519,1,1,1,0,1,1,0
1520,1,1,1,1,1,1,1
1521,1,1,1,1,1,1,1
1522,0,0,0,0,0,0,0
1523,0,0,0,0,0,0,0
1524,0,1,1,0,0,1,0
1525,1,1,1,1,1,1,1
1526,1,1,1,1,1,1,0
1527,0,1,1,0,1,1,0
1528,1,1,1,1,1,1,1
1529,1,1,1,1,1,1,1
1530,0,1,1,0,1,1,0
1531,1,1,1,1,1,1,1
1532,1,1,1,1,1,1,1
1533,1,1,1,1,1,1,1
1534,1,1,1,0,1,1,1
1535,0,0,0,0,0,0,0
1536,0,0,1,1,0,1,0
1537,0,1,1,0,1,1,0
1538,1,1,1,1,1,1,1
1539,0,0,0,0,0,0,0
1540,0,1,1,0,0,1,0
1541,1,1,1,1,1,1,1
1542,1,0,0,0,0,0,0
1543,1,1,1,0,1,1,1
1544,1,1,1,1,1,1,1
1545,1,1,0,0,1,0,1
1546,1,1,1,1,1,1,0
1547,0,0,1,0,0,1,0
1548,1,1,0,1,1,0,0
1549,1,1,1,1,1,1,0
1550,0,0,0,0,0,0,0
1551,1,1,1,1,1,1,1
1552,1,1,1,1,1,1,1
1553,1,1,1,1,1,1,1
1554,1,1,1,1,1,1,1
1555,1,1,1,1,1,1,0
1556,0,0,0,0,0,0,0
1557,1,1,1,1,1,1,1
1558,1,1,1,1,1,1,1
1559,1,1,1,0,1,1,1
1560,1,1,1,1,1,1,1
1561,1,1,1,1,1,1,1
1562,1,1,1,1,1,1,1
1563,1,1,1,1,1,1,1
1564,1,1,1,1,1,1,1
1565,1,1,1,1,1,1,1
1566,1,1,1,1,1,1,1
1567,1,1,1,1,1,1,1
1568,1,1,1,1,1,1,1
1569,1,1,1,1,1,1,1
1570,1,1,1,0,1,1,1
1571,0,1,1,0,0,1,1
1572,1,1,1,0,1,1,1
1573,1,1,1,1,1,1,1
1574,1,1,1,0,1,1,1
1575,1,0,1,0,1,0,1
1576,1,1,1,1,1,1,1
1577,0,1,1,1,1,1,1
1578,1,1,1,1,1,1,1
1579,1,1,1,1,1,1,1
1580,1,1,0,1,1,0,0
1581,1,1,1,0,1,1,1
1582,1,1,0,1,1,0,0
1583,1,1,0,1,1,0,0
1584,1,1,1,1,1,1,1
1585,1,1,0,0,1,0,0
1586,1,1,1,1,0,1,1
1587,0,1,0,1,0,1,1
1588,1,1,1,0,1,1,1
1589,0,0,1,0,0,1,1
1590,1,1,1,1,1,1,1
1591,1,1,1,1,1,1,1
1592,1,0,1,1,1,1,0
1593,1,1,1,1,1,1,1
1594,1,1,1,0,0,1,0
1595,1,1,1,1,0,1,0
1596,1,1,1,0,1,1,1
1597,1,1,1,1,1,1,1
1598,0,1,1,1,0,1,0
1599,1,1,1,1,1,1,1
