Value,Count,ID,HWSD2_SMU_,WISE30s_SM,HWSD1_SMU_,COVERAGE,SHARE,WRB4,WRB_PHASES,WRB2,WRB2_CODE,FAO90,KOPPEN,TEXTURE_US,REF_BULK_D,BULK_DENSI,DRAINAGE,ROOT_DEPTH,AWC,PHASE1,PHASE2,ROOTS,IL,ADD_PROP,CODE,VALUE_1,geometry,Type
7046,28448.0,71279,7046,WD40007046,7046,1,90,UMcm,UMcm,UM,32,CMu,D,9,1.61,1.04,MW,1,122,0,0,1,1,0,9,Loam,,Loam
7001,531265.0,291461,7001,WD30007001,7001,1,100,TC,TC,TC,31,UR,C,0,0.0,-9.0,,1,0,0,0,0,0,0,0,,,Default
7061,482192.0,84210,7061,WD40007061,7061,1,100,FLdy,FLdy,FL,10,FLd,D,9,1.48,1.37,MW,3,42,30,0,5,1,0,9,Loam,,Loam
7351,1471.0,63204,7351,WD40007351,7351,1,80,CMeu,CMskeu,CM,8,CMe,D,9,1.59,1.24,MW,1,140,25,0,1,1,0,9,Loam,,Loam
7361,23426.0,63165,7361,WD40007361,7361,1,90,CMeu,CMskeu,CM,8,CMe,D,9,1.59,1.24,MW,1,140,25,0,1,1,0,9,Loam,,Loam
7372,4155.0,63198,7372,WD40007372,7372,1,90,CMeu,CMskeu,CM,8,CMe,D,9,1.59,1.24,MW,1,140,25,0,1,1,0,9,Loam,,Loam
7379,146931.0,63202,7379,WD40007379,7379,1,100,CMeu,CMskeu,CM,8,CMe,D,9,1.59,1.24,MW,1,140,25,0,1,1,0,9,Loam,,Loam
7482,2599.0,32704,7482,WD40007482,7482,1,80,CHha,CHha,CH,6,CHh,D,9,1.75,1.29,MW,1,139,0,0,1,1,0,9,Loam,,Loam
7505,48974.0,32709,7505,WD40007505,7505,1,90,CHha,CHha,CH,6,CHh,D,9,1.75,1.29,MW,1,139,0,0,1,1,0,9,Loam,,Loam
7515,608122.0,32678,7515,WD40007515,7515,1,100,CHha,CHha,CH,6,CHh,D,9,1.75,1.29,MW,1,139,0,0,1,1,0,9,Loam,,Loam
7879,8261.0,151996,7879,WD40007879,7879,1,80,LPrz,LPrz,LP,18,LPk,D,9,1.75,1.27,I,3,35,0,0,0,0,0,9,Loam,,Loam
7889,336889.0,151979,7889,WD40007889,7889,1,90,LPrz,LPrz,LP,18,LPk,D,9,1.75,1.27,I,3,35,0,0,0,0,0,9,Loam,,Loam
8416,2639.0,229135,8416,WD40008416,8416,1,90,PHha,PHha,PH,22,PHh,D,9,1.79,1.48,MW,1,181,0,0,1,1,0,9,Loam,,Loam
8427,461.0,229159,8427,WD40008427,8427,1,90,PHha,PHha,PH,22,PHh,D,9,1.79,1.48,MW,1,181,0,0,1,1,0,9,Loam,,Loam
8429,2628.0,229059,8429,WD40008429,8429,1,90,PHha,PHha,PH,22,PHh,D,9,1.79,1.48,MW,1,181,0,0,1,1,0,9,Loam,,Loam
8431,39255.0,229068,8431,WD40008431,8431,1,100,PHha,PHha,PH,22,PHh,D,9,1.79,1.48,MW,1,181,0,0,1,1,0,9,Loam,,Loam
8495,678684.0,84175,8495,WD40008495,8495,1,100,FLdy,FLdy,FL,10,FLd,D,9,1.48,1.37,MW,1,129,30,0,1,1,0,9,Loam,,Loam
8846,274644.0,242975,8846,WD40008846,8846,1,100,PZrs,PZrs,PZ,25,PZf,D,12,1.33,1.06,SE,1,86,0,0,1,1,0,12,Loamy sand,,LoamySand
9246,928.0,139694,9246,WD40009246,9246,1,80,LPdy,LPskkkdy,LP,18,LPd,D,9,1.61,1.37,I,3,29,1,25,0,0,0,9,Loam,,Loam
9253,3817.0,139680,9253,WD40009253,9253,1,90,LPdy,LPskkkdy,LP,18,LPd,D,9,1.61,1.37,I,3,29,1,25,0,0,0,9,Loam,,Loam
9309,11354.0,280540,9309,WD40009309,9309,1,100,SCgl,SCgl,SC,28,SCg,D,9,1.67,1.33,P,1,90,0,0,2,1,0,9,Loam,,Loam
11000,181128.0,194678,11000,WD40011000,11000,2,100,LVha,LVha,LV,19,LVh,D,7,1.69,1.48,MW,1,159,0,0,0,0,0,7,Silt loam,,SiltLoam
11003,2998.0,196184,11003,WD40011003,11003,2,100,STlv,STlv,ST,30,LVj,D,7,1.72,1.49,P,1,175,0,0,0,0,0,7,Silt loam,,SiltLoam
11020,13527.0,49055,11020,WD40011020,11020,2,100,CMca,CMca,CM,8,CMc,D,9,1.71,1.41,MW,1,165,0,0,0,0,0,9,Loam,,Loam
11021,808.0,49050,11021,WD40011021,11021,2,100,CMca,CMca,CM,8,CMc,D,9,1.71,1.41,MW,1,165,0,0,0,0,0,9,Loam,,Loam
11023,346.0,44353,11023,WD20011023,11023,2,100,CMca,CMleca,CM,8,CMc,B,9,1.71,1.46,MW,3,44,2,0,0,0,0,9,Loam,,Loam
11024,1011.0,49047,11024,WD40011024,11024,2,100,CMca,CMca,CM,8,CMc,D,9,1.71,1.41,MW,1,165,0,0,0,0,0,9,Loam,,Loam
11025,2932.0,49044,11025,WD40011025,11025,2,100,CMca,CMca,CM,8,CMc,D,9,1.71,1.41,MW,1,165,0,0,0,0,0,9,Loam,,Loam
11027,9490.0,49042,11027,WD40011027,11027,2,100,CMca,CMca,CM,8,CMc,D,9,1.71,1.41,MW,1,165,0,0,0,0,0,9,Loam,,Loam
11028,1200.0,47588,11028,WD30011028,11028,2,100,CMca,CMca,CM,8,CMc,C,5,1.83,1.48,MW,1,168,0,0,0,0,0,5,Clay loam,,ClayLoam
11029,785.0,49069,11029,WD40011029,11029,2,100,CMca,CMca,CM,8,CMc,D,9,1.71,1.41,MW,1,165,0,0,0,0,0,9,Loam,,Loam
11030,598.0,49080,11030,WD40011030,11030,2,100,CMca,CMca,CM,8,CMc,D,9,1.71,1.41,MW,1,165,0,0,0,0,0,9,Loam,,Loam
11031,3061.0,49079,11031,WD40011031,11031,2,100,CMca,CMca,CM,8,CMc,D,9,1.71,1.41,MW,1,165,0,0,0,0,0,9,Loam,,Loam
11032,821.0,49076,11032,WD40011032,11032,2,100,CMca,CMkkca,CM,8,CMc,D,9,1.71,1.41,MW,1,165,18,0,0,0,0,9,Loam,,Loam
11034,151.0,49074,11034,WD40011034,11034,2,100,CMca,CMca,CM,8,CMc,D,9,1.71,1.41,MW,1,165,0,0,0,0,0,9,Loam,,Loam
11035,33966.0,49067,11035,WD40011035,11035,2,100,CMca,CMca,CM,8,CMc,D,9,1.71,1.41,MW,1,165,0,0,0,0,0,9,Loam,,Loam
11036,1047.0,44413,11036,WD20011036,11036,2,100,CMca,CMca,CM,8,CMc,B,9,1.71,1.46,MW,1,173,0,0,0,0,0,9,Loam,,Loam
11037,309.0,49072,11037,WD40011037,11037,2,100,CMca,CMca,CM,8,CMc,D,9,1.71,1.41,MW,1,165,0,0,0,0,0,9,Loam,,Loam
11039,553.0,49071,11039,WD40011039,11039,2,100,CMca,CMca,CM,8,CMc,D,9,1.71,1.41,MW,1,165,0,0,0,0,0,9,Loam,,Loam
11040,1915.0,49056,11040,WD40011040,11040,2,100,CMca,CMca,CM,8,CMc,D,9,1.71,1.41,MW,1,165,0,0,0,0,0,9,Loam,,Loam
11041,36776.0,49068,11041,WD40011041,11041,2,100,CMca,CMca,CM,8,CMc,D,9,1.71,1.41,MW,1,165,0,0,0,0,0,9,Loam,,Loam
11042,451.0,44396,11042,WD20011042,11042,2,100,CMca,CMca,CM,8,CMc,B,9,1.71,1.46,MW,1,173,0,0,0,0,0,9,Loam,,Loam
11043,699.0,49081,11043,WD40011043,11043,2,100,CMca,CMkkca,CM,8,CMc,D,9,1.71,1.41,MW,1,165,18,0,0,0,0,9,Loam,,Loam
11045,313.0,44402,11045,WD20011045,11045,2,100,CMca,CMca,CM,8,CMc,B,9,1.71,1.46,MW,1,173,0,0,0,0,0,9,Loam,,Loam
11046,1219.0,44398,11046,WD20011046,11046,2,100,CMca,CMca,CM,8,CMc,B,9,1.71,1.46,MW,1,173,0,0,0,0,0,9,Loam,,Loam
11048,9170.0,49065,11048,WD40011048,11048,2,100,CMca,CMca,CM,8,CMc,D,9,1.71,1.41,MW,1,165,0,0,0,0,0,9,Loam,,Loam
11049,2623.0,49063,11049,WD40011049,11049,2,100,CMca,CMkkca,CM,8,CMc,D,9,1.71,1.41,MW,1,165,18,0,0,0,0,9,Loam,,Loam
11050,1979.0,49061,11050,WD40011050,11050,2,100,CMca,CMca,CM,8,CMc,D,9,1.71,1.41,MW,1,165,0,0,0,0,0,9,Loam,,Loam
11051,122.0,49060,11051,WD40011051,11051,2,100,CMca,CMca,CM,8,CMc,D,9,1.71,1.41,MW,1,165,0,0,0,0,0,9,Loam,,Loam
11052,39625.0,200157,11052,WD40011052,11052,2,100,LVcc,LVcc,LV,19,LVk,D,9,1.71,1.52,MW,1,165,0,0,0,0,0,9,Loam,,Loam
11053,19757.0,200158,11053,WD40011053,11053,2,100,LVcc,LVcc,LV,19,LVk,D,9,1.71,1.52,MW,1,165,0,0,0,0,0,9,Loam,,Loam
11054,1887.0,200152,11054,WD40011054,11054,2,100,LVcc,LVcc,LV,19,LVk,D,9,1.71,1.52,MW,1,165,0,0,0,0,0,9,Loam,,Loam
11055,1774.0,200160,11055,WD40011055,11055,2,100,LVcc,LVcc,LV,19,LVk,D,9,1.71,1.52,MW,1,165,0,0,0,0,0,9,Loam,,Loam
11056,6188.0,200165,11056,WD40011056,11056,2,100,LVcc,LVcc,LV,19,LVk,D,9,1.71,1.52,MW,1,165,0,0,0,0,0,9,Loam,,Loam
11057,14676.0,200149,11057,WD40011057,11057,2,100,LVcc,LVcc,LV,19,LVk,D,9,1.71,1.52,MW,1,165,0,0,0,0,0,9,Loam,,Loam
11058,10325.0,200162,11058,WD40011058,11058,2,100,LVcc,LVcc,LV,19,LVk,D,9,1.71,1.52,MW,1,165,0,0,0,0,0,9,Loam,,Loam
11059,215.0,200166,11059,WD40011059,11059,2,100,LVcc,LVcc,LV,19,LVk,D,9,1.71,1.52,MW,1,165,0,0,0,0,0,9,Loam,,Loam
11060,111.0,200167,11060,WD40011060,11060,2,100,LVcc,LVcc,LV,19,LVk,D,9,1.71,1.52,MW,1,165,0,0,0,0,0,9,Loam,,Loam
11062,244.0,199261,11062,WD30011062,11062,2,100,LVcc,LVcc,LV,19,LVk,C,9,1.76,1.42,MW,1,146,0,0,0,0,0,9,Loam,,Loam
11063,3977.0,200159,11063,WD40011063,11063,2,100,LVcc,LVcc,LV,19,LVk,D,9,1.71,1.52,MW,1,165,0,0,0,0,0,9,Loam,,Loam
11064,417.0,200150,11064,WD40011064,11064,2,100,LVcc,LVcc,LV,19,LVk,D,9,1.71,1.52,MW,1,165,0,0,0,0,0,9,Loam,,Loam
11065,9259.0,187438,11065,WD40011065,11065,2,100,LVgl,LVgl,LV,19,LVg,D,7,1.73,1.51,P,1,176,0,0,0,0,0,7,Silt loam,,SiltLoam
11067,93.0,187447,11067,WD40011067,11067,2,100,LVgl,LVgl,LV,19,LVg,D,7,1.73,1.51,P,1,176,0,0,0,0,0,7,Silt loam,,SiltLoam
11069,1068.0,186663,11069,WD30011069,11069,2,100,LVgl,LVgl,LV,19,LVg,C,7,1.67,1.52,P,1,179,0,0,0,0,0,7,Silt loam,,SiltLoam
11070,155.0,186664,11070,WD30011070,11070,2,100,LVgl,LVgl,LV,19,LVg,C,7,1.67,1.52,P,1,179,0,0,0,0,0,7,Silt loam,,SiltLoam
11073,4410.0,187450,11073,WD40011073,11073,2,100,LVgl,LVgl,LV,19,LVg,D,7,1.73,1.51,P,1,176,0,0,0,0,0,7,Silt loam,,SiltLoam
11075,2902.0,187452,11075,WD40011075,11075,2,100,LVgl,LVgl,LV,19,LVg,D,7,1.73,1.51,P,1,176,0,0,0,0,0,7,Silt loam,,SiltLoam
11076,22933.0,187446,11076,WD40011076,11076,2,100,LVgl,LVgl,LV,19,LVg,D,7,1.73,1.51,P,1,176,0,0,0,0,0,7,Silt loam,,SiltLoam
11077,1148.0,187436,11077,WD40011077,11077,2,100,LVgl,LVglkk,LV,19,LVg,D,7,1.73,1.51,P,1,176,18,0,0,0,0,7,Silt loam,,SiltLoam
11078,3023.0,186665,11078,WD30011078,11078,2,100,LVgl,LVglkk,LV,19,LVg,C,7,1.67,1.52,P,1,179,18,0,0,0,0,7,Silt loam,,SiltLoam
11079,1260.0,32265,11079,WD40011079,11079,2,100,ATpa&ATtr,AThy,AT,5,ATc,D,9,1.78,1.35,MW,1,135,0,0,0,0,0,9,Loam,,Loam
11080,196.0,31789,11080,WD30011080,11080,2,100,ATpa&ATtr,AThy,AT,5,ATc,C,9,1.78,1.4,MW,1,135,0,0,0,0,0,9,Loam,,Loam
11081,5342.0,32357,11081,WD40011081,11081,2,100,ATht,ATht,AT,5,ATf,D,9,1.75,1.37,MW,1,135,0,0,0,0,0,9,Loam,,Loam
11082,538.0,31794,11082,WD30011082,11082,2,100,ATpa&ATtr,AThy,AT,5,ATc,C,9,1.78,1.4,MW,1,135,0,0,0,0,0,9,Loam,,Loam
11083,1723.0,32261,11083,WD40011083,11083,2,100,ATpa&ATtr,AThy,AT,5,ATc,D,9,1.78,1.35,MW,1,135,0,0,0,0,0,9,Loam,,Loam
11084,3848.0,32272,11084,WD40011084,11084,2,100,ATpa&ATtr,AThy,AT,5,ATc,D,9,1.78,1.35,MW,1,135,0,0,0,0,0,9,Loam,,Loam
11085,4134.0,32269,11085,WD40011085,11085,2,100,ATpa&ATtr,AThy,AT,5,ATc,D,9,1.78,1.35,MW,1,135,0,0,0,0,0,9,Loam,,Loam
11087,36407.0,49057,11087,WD40011087,11087,2,100,CMca,CMca,CM,8,CMc,D,9,1.71,1.41,MW,1,165,23,0,0,0,0,9,Loam,,Loam
11088,10040.0,49073,11088,WD40011088,11088,2,100,CMca,CMca,CM,8,CMc,D,9,1.71,1.41,MW,1,165,23,0,0,0,0,9,Loam,,Loam
11089,350.0,49058,11089,WD40011089,11089,2,100,CMca,CMca,CM,8,CMc,D,9,1.71,1.41,MW,1,165,23,0,0,0,0,9,Loam,,Loam
11090,82.0,49059,11090,WD40011090,11090,2,100,CMca,CMca,CM,8,CMc,D,9,1.71,1.41,MW,1,165,23,0,0,0,0,9,Loam,,Loam
11091,11840.0,49062,11091,WD40011091,11091,2,100,CMca,CMca,CM,8,CMc,D,9,1.71,1.41,MW,1,165,23,0,0,0,0,9,Loam,,Loam
11092,11545.0,49064,11092,WD40011092,11092,2,100,CMca,CMca,CM,8,CMc,D,9,1.71,1.41,MW,1,165,23,0,0,0,0,9,Loam,,Loam
11093,4019.0,49070,11093,WD40011093,11093,2,100,CMca,CMca,CM,8,CMc,D,9,1.71,1.41,MW,1,165,23,0,0,0,0,9,Loam,,Loam
11094,708.0,49077,11094,WD40011094,11094,2,100,CMca,CMca,CM,8,CMc,D,9,1.71,1.41,MW,1,165,0,0,0,0,0,9,Loam,,Loam
11096,192.0,47735,11096,WD30011096,11096,2,100,CMca,CMca,CM,8,CMc,C,5,1.83,1.48,MW,1,168,0,0,0,0,0,5,Clay loam,,ClayLoam
11097,327.0,44387,11097,WD20011097,11097,2,100,CMca,CMca,CM,8,CMc,B,9,1.71,1.46,MW,1,173,0,0,0,0,0,9,Loam,,Loam
11098,82.0,49048,11098,WD40011098,11098,2,100,CMca,CMca,CM,8,CMc,D,9,1.71,1.41,MW,1,165,0,0,0,0,0,9,Loam,,Loam
11099,277.0,49053,11099,WD40011099,11099,2,100,CMca,CMca,CM,8,CMc,D,9,1.71,1.41,MW,1,165,0,0,0,0,0,9,Loam,,Loam
11100,5073.0,49054,11100,WD40011100,11100,2,100,CMca,CMkkca,CM,8,CMc,D,9,1.71,1.41,MW,1,165,18,0,0,0,0,9,Loam,,Loam
11101,395.0,49078,11101,WD40011101,11101,2,100,CMca,CMca,CM,8,CMc,D,9,1.71,1.41,MW,1,165,0,0,0,0,0,9,Loam,,Loam
11102,168.0,44354,11102,WD20011102,11102,2,100,CMca,CMca,CM,8,CMc,B,9,1.71,1.46,MW,1,173,0,0,0,0,0,9,Loam,,Loam
11103,35950.0,123261,11103,WD20011103,11103,2,100,PHgz,PHgz,PH,22,GRh,B,9,1.73,1.28,MW,1,171,0,0,0,0,0,9,Loam,,Loam
11106,3217.0,32524,11106,WD20011106,11106,2,100,CHha,CHha,CH,6,CHh,B,9,1.74,1.26,MW,1,137,0,0,0,0,0,9,Loam,,Loam
11107,759.0,34041,11107,WD40011107,11107,2,100,CHcc,CHcc,CH,6,CHk,D,5,1.82,1.33,MW,1,161,0,0,0,0,0,5,Clay loam,,ClayLoam
11108,23193.0,35037,11108,WD40011108,11108,2,100,CHlv,CHlv,CH,6,CHl,D,9,1.79,1.36,MW,1,164,0,0,0,0,0,9,Loam,,Loam
11110,18665.0,33793,11110,WD20011110,11110,2,100,CHcc,CHcc,CH,6,CHk,B,5,1.83,1.29,MW,1,131,0,0,0,0,0,5,Clay loam,,ClayLoam
11111,3461.0,63361,11111,WD40011111,11111,2,100,CMeu,CMeu,CM,8,CMe,D,9,1.59,1.24,MW,1,140,23,0,0,0,0,9,Loam,,Loam
11112,86637.0,229198,11112,WD40011112,11112,2,100,PHha,PHha,PH,22,PHh,D,9,1.79,1.48,MW,1,181,0,0,0,0,0,9,Loam,,Loam
11113,13065.0,226225,11113,WD40011113,11113,2,100,PHgl,PHgl,PH,22,PHg,D,5,1.82,1.32,P,1,170,0,0,0,0,0,5,Clay loam,,ClayLoam
11114,4042.0,230339,11114,WD40011114,11114,2,100,STmo,STmo,ST,30,PHj,D,5,1.85,1.19,P,1,183,0,0,0,0,0,5,Clay loam,,ClayLoam
11115,828.0,230340,11115,WD40011115,11115,2,100,STmo,STmo,ST,30,PHj,D,5,1.85,1.19,P,1,183,0,0,0,0,0,5,Clay loam,,ClayLoam
11116,17947.0,123262,11116,WD20011116,11116,2,100,PHgz,PHgz,PH,22,GRh,B,9,1.73,1.28,MW,1,171,0,0,0,0,0,9,Loam,,Loam
11117,883.0,123465,11117,WD40011117,11117,2,100,PHgz,PHgz,PH,22,GRh,D,7,1.73,1.28,MW,1,183,0,0,0,0,0,7,Silt loam,,SiltLoam
11118,2341.0,19204,11118,WD40011118,11118,2,100,ARbr,ARbr,AR,4,ARb,D,12,1.2,1.55,SE,1,89,0,0,0,0,0,12,Loamy sand,,LoamySand
11119,33772.0,123451,11119,WD40011119,11119,2,100,PHgz,PHgz,PH,22,GRh,D,7,1.73,1.28,MW,1,183,0,0,0,0,0,7,Silt loam,,SiltLoam
11120,98656.0,32777,11120,WD40011120,11120,2,100,CHha,CHha,CH,6,CHh,D,9,1.75,1.29,MW,1,139,0,0,0,0,0,9,Loam,,Loam
11121,62.0,32778,11121,WD40011121,11121,2,100,CHha,CHha,CH,6,CHh,D,9,1.75,1.29,MW,1,139,0,0,0,0,0,9,Loam,,Loam
11122,7473.0,32779,11122,WD40011122,11122,2,100,CHha,CHha,CH,6,CHh,D,9,1.75,1.29,MW,1,139,0,0,0,0,0,9,Loam,,Loam
11123,94.0,32780,11123,WD40011123,11123,2,100,CHha,CHha,CH,6,CHh,D,9,1.75,1.29,MW,1,139,0,0,0,0,0,9,Loam,,Loam
11124,1929.0,32781,11124,WD40011124,11124,2,100,CHha,CHha,CH,6,CHh,D,9,1.75,1.29,MW,1,139,0,0,0,0,0,9,Loam,,Loam
11125,1659.0,20940,11125,WD40011125,11125,2,100,ARca,ARca,AR,4,ARc,D,12,1.2,1.54,SE,1,71,0,0,0,0,0,12,Loamy sand,,LoamySand
11127,503.0,25522,11127,WD40011127,11127,2,100,AR,ARye,AR,4,ARh,D,12,1.2,1.44,SE,1,84,22,0,0,0,0,12,Loamy sand,,LoamySand
11128,12016.0,35043,11128,WD40011128,11128,2,100,CHlv,CHlv,CH,6,CHl,D,9,1.79,1.36,MW,1,164,0,0,0,0,0,9,Loam,,Loam
11129,70.0,35044,11129,WD40011129,11129,2,100,CHlv,CHlv,CH,6,CHl,D,9,1.79,1.36,MW,1,164,0,0,0,0,0,9,Loam,,Loam
11130,470.0,35046,11130,WD40011130,11130,2,100,CHlv,CHlv,CH,6,CHl,D,9,1.79,1.36,MW,1,164,0,0,0,0,0,9,Loam,,Loam
11131,235.0,35048,11131,WD40011131,11131,2,100,CHlv,CHsklv,CH,6,CHl,D,9,1.79,1.36,MW,1,164,20,0,0,0,0,9,Loam,,Loam
11132,26679.0,34013,11132,WD40011132,11132,2,100,CHcc,CHcc,CH,6,CHk,D,5,1.82,1.33,MW,1,161,0,0,0,0,0,5,Clay loam,,ClayLoam
11134,1418.0,33794,11134,WD20011134,11134,2,100,CHcc,CHcc,CH,6,CHk,B,5,1.83,1.29,MW,1,131,0,0,0,0,0,5,Clay loam,,ClayLoam
11135,77.0,33797,11135,WD20011135,11135,2,100,CHcc,CHcc,CH,6,CHk,B,5,1.83,1.29,MW,1,131,0,0,0,0,0,5,Clay loam,,ClayLoam
11136,261.0,31460,11136,WD40011136,11136,2,100,AT,AT,AT,5,ATa,D,11,1.63,1.37,MW,1,111,0,0,0,0,0,11,Sandy loam,,SandyLoam
11138,40917.0,34040,11138,WD40011138,11138,2,100,CHcc,CHcc,CH,6,CHk,D,5,1.82,1.33,MW,1,161,0,0,0,0,0,5,Clay loam,,ClayLoam
11139,2628.0,34029,11139,WD40011139,11139,2,100,CHcc,CHcc,CH,6,CHk,D,5,1.82,1.33,MW,1,161,0,0,0,0,0,5,Clay loam,,ClayLoam
11140,1437.0,34022,11140,WD40011140,11140,2,100,CHcc,CHcc,CH,6,CHk,D,5,1.82,1.33,MW,1,161,0,0,0,0,0,5,Clay loam,,ClayLoam
11141,26503.0,32438,11141,WD40011141,11141,2,100,CHgl,CHgl,CH,6,CHg,D,5,1.84,1.43,P,1,175,0,0,0,0,0,5,Clay loam,,ClayLoam
11143,7413.0,34039,11143,WD40011143,11143,2,100,CHcc,CHcc,CH,6,CHk,D,5,1.82,1.33,MW,1,161,19,0,0,0,0,5,Clay loam,,ClayLoam
11144,29.0,33792,11144,WD20011144,11144,2,100,CHcc,CHcc,CH,6,CHk,B,5,1.83,1.29,MW,1,131,0,0,0,0,0,5,Clay loam,,ClayLoam
11145,127599.0,137000,11145,WD20011145,11145,2,100,KSlv,KSlv,KS,17,KSl,B,9,1.76,1.45,MW,1,152,0,0,0,0,0,9,Loam,,Loam
11146,4308.0,137721,11146,WD40011146,11146,2,100,KSlv,KSlv,KS,17,KSl,D,9,1.75,1.45,MW,1,158,0,0,0,0,0,9,Loam,,Loam
11148,34914.0,137025,11148,WD20011148,11148,2,100,KSlv,KSlv,KS,17,KSl,B,9,1.76,1.45,MW,1,152,0,0,0,0,0,9,Loam,,Loam
11149,861.0,137718,11149,WD40011149,11149,2,100,KSlv,KSlv,KS,17,KSl,D,9,1.75,1.45,MW,1,158,0,0,0,0,0,9,Loam,,Loam
11150,882.0,137027,11150,WD20011150,11150,2,100,KSlv,KSlv,KS,17,KSl,B,9,1.76,1.45,MW,1,152,0,0,0,0,0,9,Loam,,Loam
11151,9709.0,137026,11151,WD20011151,11151,2,100,KSlv,KSlv,KS,17,KSl,B,9,1.76,1.45,MW,1,152,0,0,0,0,0,9,Loam,,Loam
11152,13043.0,137714,11152,WD40011152,11152,2,100,KSlv,KSlvsk,KS,17,KSl,D,9,1.75,1.45,MW,1,158,20,0,0,0,0,9,Loam,,Loam
11153,57.0,137725,11153,WD40011153,11153,2,100,KSlv,KSlvye,KS,17,KSl,D,9,1.75,1.45,MW,1,158,22,0,0,0,0,9,Loam,,Loam
11154,15148.0,19215,11154,WD40011154,11154,2,100,ARbr,ARbrye,AR,4,ARb,D,12,1.2,1.55,SE,1,89,22,0,0,0,0,12,Loamy sand,,LoamySand
11156,6823.0,19217,11156,WD40011156,11156,2,100,ARbr,ARbrye,AR,4,ARb,D,12,1.2,1.55,SE,1,89,22,0,0,0,0,12,Loamy sand,,LoamySand
11157,3154.0,43789,11157,WD40011157,11157,2,100,CLpt,CLptye,CL,7,CLp,D,11,1.69,1.42,MW,1,122,22,0,0,0,0,11,Sandy loam,,SandyLoam
11158,118315.0,133995,11158,WD20011158,11158,2,100,KSha,KSha,KS,17,KSh,B,9,1.71,1.47,MW,1,174,0,0,0,0,0,9,Loam,,Loam
11159,456.0,135310,11159,WD40011159,11159,2,100,KSha,KSha,KS,17,KSh,D,9,1.72,1.43,MW,1,158,0,0,0,0,0,9,Loam,,Loam
11160,499.0,134039,11160,WD20011160,11160,2,100,KSha,KSha,KS,17,KSh,B,9,1.71,1.47,MW,1,174,0,0,0,0,0,9,Loam,,Loam
11161,15775.0,134086,11161,WD20011161,11161,2,100,KSha,KSha,KS,17,KSh,B,9,1.71,1.47,MW,1,174,0,0,0,0,0,9,Loam,,Loam
11162,141.0,135311,11162,WD40011162,11162,2,100,KSha,KSha,KS,17,KSh,D,9,1.72,1.43,MW,1,158,0,0,0,0,0,9,Loam,,Loam
11163,149.0,134072,11163,WD20011163,11163,2,100,KSha,KSha,KS,17,KSh,B,9,1.71,1.47,MW,1,174,0,0,0,0,0,9,Loam,,Loam
11164,200.0,134073,11164,WD20011164,11164,2,100,KSha,KSha,KS,17,KSh,B,9,1.71,1.47,MW,1,174,0,0,0,0,0,9,Loam,,Loam
11165,4809.0,134074,11165,WD20011165,11165,2,100,KSha,KSha,KS,17,KSh,B,9,1.71,1.47,MW,1,174,0,0,0,0,0,9,Loam,,Loam
11166,18445.0,134043,11166,WD20011166,11166,2,100,KSha,KSha,KS,17,KSh,B,9,1.71,1.47,MW,1,174,0,0,0,0,0,9,Loam,,Loam
11167,12290.0,134037,11167,WD20011167,11167,2,100,KSha,KSsk,KS,17,KSh,B,9,1.71,1.47,MW,1,174,20,0,0,0,0,9,Loam,,Loam
11168,215.0,134078,11168,WD20011168,11168,2,100,KSha,KSsk,KS,17,KSh,B,9,1.71,1.47,MW,1,174,20,0,0,0,0,9,Loam,,Loam
11169,6332.0,134079,11169,WD20011169,11169,2,100,KSha,KSye,KS,17,KSh,B,9,1.71,1.47,MW,1,174,22,0,0,0,0,9,Loam,,Loam
11170,4096.0,80698,11170,WD20011170,11170,2,100,FLca,FLca,FL,10,FLc,B,9,1.71,1.49,MW,1,172,0,0,0,0,0,9,Loam,,Loam
11171,16545.0,22559,11171,WD20011171,11171,2,100,AR,ARye,AR,4,ARh,B,12,1.28,1.48,SE,1,82,22,0,0,0,0,12,Loamy sand,,LoamySand
11172,2930.0,42100,11172,WD20011172,11172,2,100,CLpt,CLptye,CL,7,CLp,B,11,1.67,1.44,MW,1,101,22,0,0,0,0,11,Sandy loam,,SandyLoam
11173,104425.0,136252,11173,WD20011173,11173,2,100,KScc,KScc,KS,17,KSk,B,9,1.77,1.4,MW,1,153,0,0,0,0,0,9,Loam,,Loam
11174,3040.0,136250,11174,WD20011174,11174,2,100,KScc,KScc,KS,17,KSk,B,9,1.77,1.4,MW,1,153,0,0,0,0,0,9,Loam,,Loam
11175,430.0,136757,11175,WD40011175,11175,2,100,KScc,KScc,KS,17,KSk,D,9,1.75,1.38,MW,1,154,0,0,0,0,0,9,Loam,,Loam
11176,7910.0,136257,11176,WD20011176,11176,2,100,KScc,KScc,KS,17,KSk,B,9,1.77,1.4,MW,1,153,0,0,0,0,0,9,Loam,,Loam
11177,4624.0,136251,11177,WD20011177,11177,2,100,KScc,KScc,KS,17,KSk,B,9,1.77,1.4,MW,1,153,0,0,0,0,0,9,Loam,,Loam
11178,4326.0,136275,11178,WD20011178,11178,2,100,KScc,KSccsk,KS,17,KSk,B,9,1.77,1.4,MW,1,153,20,0,0,0,0,9,Loam,,Loam
11179,78.0,43788,11179,WD40011179,11179,2,100,CLpt,CLpt,CL,7,CLp,D,11,1.69,1.42,MW,1,122,0,0,0,0,0,11,Sandy loam,,SandyLoam
11180,2439.0,80699,11180,WD20011180,11180,2,100,FLca,FLca,FL,10,FLc,B,9,1.71,1.49,MW,1,172,0,0,0,0,0,9,Loam,,Loam
11181,14682.0,22526,11181,WD20011181,11181,2,100,AR,ARye,AR,4,ARh,B,12,1.28,1.48,SE,1,82,22,0,0,0,0,12,Loamy sand,,LoamySand
11182,19705.0,134082,11182,WD20011182,11182,2,100,KSha,KSha,KS,17,KSh,B,9,1.71,1.47,MW,1,174,0,0,0,0,0,9,Loam,,Loam
11183,65.0,135312,11183,WD40011183,11183,2,100,KSha,KSha,KS,17,KSh,D,9,1.72,1.43,MW,1,158,0,0,0,0,0,9,Loam,,Loam
11184,335.0,135309,11184,WD40011184,11184,2,100,KSha,KSha,KS,17,KSh,D,9,1.72,1.43,MW,1,158,0,0,0,0,0,9,Loam,,Loam
11187,8625.0,136269,11187,WD20011187,11187,2,100,KScc,KScc,KS,17,KSk,B,9,1.77,1.4,MW,1,153,19,0,0,0,0,9,Loam,,Loam
11188,217.0,136756,11188,WD40011188,11188,2,100,KScc,KScc,KS,17,KSk,D,9,1.75,1.38,MW,1,154,19,0,0,0,0,9,Loam,,Loam
11189,577.0,136755,11189,WD40011189,11189,2,100,KScc,KScc,KS,17,KSk,D,9,1.75,1.38,MW,1,154,19,0,0,0,0,9,Loam,,Loam
11191,400.0,136270,11191,WD20011191,11191,2,100,KScc,KScc,KS,17,KSk,B,9,1.77,1.4,MW,1,153,19,0,0,0,0,9,Loam,,Loam
11192,1474.0,136281,11192,WD20011192,11192,2,100,KScc,KScc,KS,17,KSk,B,9,1.77,1.4,MW,1,153,0,0,0,0,0,9,Loam,,Loam
11193,17308.0,44703,11193,WD20011193,11193,2,100,CMca,CMca,CM,8,CMc,B,9,1.71,1.46,MW,1,173,23,0,0,0,0,9,Loam,,Loam
11194,610.0,49090,11194,WD40011194,11194,2,100,CMca,CMca,CM,8,CMc,D,9,1.71,1.41,MW,1,165,23,0,0,0,0,9,Loam,,Loam
11195,135.0,44701,11195,WD20011195,11195,2,100,CMca,CMca,CM,8,CMc,B,9,1.71,1.46,MW,1,173,23,0,0,0,0,9,Loam,,Loam
11196,630.0,44699,11196,WD20011196,11196,2,100,CMca,CMkkca,CM,8,CMc,B,9,1.71,1.46,MW,1,173,18,0,0,0,0,9,Loam,,Loam
11197,8311.0,49084,11197,WD40011197,11197,2,100,CMca,CMyeca,CM,8,CMc,D,9,1.71,1.41,MW,1,165,22,0,0,0,0,9,Loam,,Loam
11198,92.0,82550,11198,WD40011198,11198,2,100,FLca,FLca,FL,10,FLc,D,9,1.7,1.38,MW,1,161,0,0,0,0,0,9,Loam,,Loam
11199,4557.0,44693,11199,WD20011199,11199,2,100,CMca,CMca,CM,8,CMc,B,9,1.71,1.46,MW,1,173,23,0,0,0,0,9,Loam,,Loam
11200,4269.0,44691,11200,WD20011200,11200,2,100,CMca,CMca,CM,8,CMc,B,9,1.71,1.46,MW,1,173,23,0,0,0,0,9,Loam,,Loam
11201,333.0,44720,11201,WD20011201,11201,2,100,CMca,CMca,CM,8,CMc,B,9,1.71,1.46,MW,1,173,23,0,0,0,0,9,Loam,,Loam
11202,210.0,44725,11202,WD20011202,11202,2,100,CMca,CMca,CM,8,CMc,B,9,1.71,1.46,MW,1,173,23,0,0,0,0,9,Loam,,Loam
11203,574.0,49089,11203,WD40011203,11203,2,100,CMca,CMca,CM,8,CMc,D,9,1.71,1.41,MW,1,165,23,0,0,0,0,9,Loam,,Loam
11204,2282.0,44716,11204,WD20011204,11204,2,100,CMca,CMca,CM,8,CMc,B,9,1.71,1.46,MW,1,173,23,0,0,0,0,9,Loam,,Loam
11205,14220.0,44714,11205,WD20011205,11205,2,100,CMca,CMca,CM,8,CMc,B,9,1.71,1.46,MW,1,173,0,0,0,0,0,9,Loam,,Loam
11206,438.0,44712,11206,WD20011206,11206,2,100,CMca,CMca,CM,8,CMc,B,9,1.71,1.46,MW,1,173,0,0,0,0,0,9,Loam,,Loam
11208,247.0,44640,11208,WD20011208,11208,2,100,CMca,CMca,CM,8,CMc,B,9,1.71,1.46,MW,1,173,0,0,0,0,0,9,Loam,,Loam
11209,614.0,44624,11209,WD20011209,11209,2,100,CMca,CMca,CM,8,CMc,B,9,1.71,1.46,MW,1,173,0,0,0,0,0,9,Loam,,Loam
11210,1360.0,49108,11210,WD40011210,11210,2,100,CMca,CMkkca,CM,8,CMc,D,9,1.71,1.41,MW,1,165,18,0,0,0,0,9,Loam,,Loam
11211,56.0,49103,11211,WD40011211,11211,2,100,CMca,CMkkca,CM,8,CMc,D,9,1.71,1.41,MW,1,165,18,0,0,0,0,9,Loam,,Loam
11212,992.0,82532,11212,WD40011212,11212,2,100,FLca,FLca,FL,10,FLc,D,9,1.7,1.38,MW,1,161,0,0,0,0,0,9,Loam,,Loam
11213,729.0,44674,11213,WD20011213,11213,2,100,CMca,CMyeca,CM,8,CMc,B,9,1.71,1.46,MW,1,173,22,0,0,0,0,9,Loam,,Loam
11214,26.0,42107,11214,WD20011214,11214,2,100,CLpt,CLptye,CL,7,CLp,B,11,1.67,1.44,MW,1,101,22,0,0,0,0,11,Sandy loam,,SandyLoam
11215,3112.0,44673,11215,WD20011215,11215,2,100,CMca,CMca,CM,8,CMc,B,9,1.71,1.46,MW,1,173,0,0,0,0,0,9,Loam,,Loam
11216,17738.0,44661,11216,WD20011216,11216,2,100,CMca,CMca,CM,8,CMc,B,9,1.71,1.46,MW,1,173,0,0,0,0,0,9,Loam,,Loam
11217,693.0,44643,11217,WD20011217,11217,2,100,CMca,CMca,CM,8,CMc,B,9,1.71,1.46,MW,1,173,0,0,0,0,0,9,Loam,,Loam
11218,610.0,44651,11218,WD20011218,11218,2,100,CMca,CMkkca,CM,8,CMc,B,9,1.71,1.46,MW,1,173,18,0,0,0,0,9,Loam,,Loam
11219,1694.0,25519,11219,WD40011219,11219,2,100,AR,ARye,AR,4,ARh,D,12,1.2,1.44,SE,1,84,22,0,0,0,0,12,Loamy sand,,LoamySand
11220,7047.0,22532,11220,WD20011220,11220,2,100,AR,ARye,AR,4,ARh,B,12,1.28,1.48,SE,1,82,22,0,0,0,0,12,Loamy sand,,LoamySand
11221,2834.0,65756,11221,WD20011221,11221,2,100,CMgl,CMgl,CM,8,CMg,B,10,1.77,1.38,P,1,159,0,0,0,0,0,10,Sandy clay loam,,SandyClayLoam
11222,148.0,65760,11222,WD20011222,11222,2,100,CMgl,CMgl,CM,8,CMg,B,10,1.77,1.38,P,1,159,0,0,0,0,0,10,Sandy clay loam,,SandyClayLoam
11223,8232.0,49100,11223,WD40011223,11223,2,100,CMca,CMca,CM,8,CMc,D,9,1.71,1.41,MW,1,165,0,0,0,0,0,9,Loam,,Loam
11224,5098.0,49086,11224,WD40011224,11224,2,100,CMca,CMca,CM,8,CMc,D,9,1.71,1.41,MW,1,165,0,0,0,0,0,9,Loam,,Loam
11225,891.0,49106,11225,WD40011225,11225,2,100,CMca,CMca,CM,8,CMc,D,9,1.71,1.41,MW,1,165,0,0,0,0,0,9,Loam,,Loam
11226,3281.0,66426,11226,WD40011226,11226,2,100,CMgl,CMgl,CM,8,CMg,D,9,1.7,1.26,P,1,160,23,0,0,0,0,9,Loam,,Loam
11227,2255.0,66427,11227,WD40011227,11227,2,100,CMgl,CMgl,CM,8,CMg,D,9,1.7,1.26,P,1,160,0,0,0,0,0,9,Loam,,Loam
11228,7468.0,66423,11228,WD40011228,11228,2,100,CMgl,CMgl,CM,8,CMg,D,9,1.7,1.26,P,1,160,23,0,0,0,0,9,Loam,,Loam
11229,484.0,66424,11229,WD40011229,11229,2,100,CMgl,CMgl,CM,8,CMg,D,9,1.7,1.26,P,1,160,0,0,0,0,0,9,Loam,,Loam
11230,105030.0,40443,11230,WD20011230,11230,2,100,CLlv,CLlvsk,CL,7,CLl,B,11,1.7,1.54,MW,1,153,20,0,0,0,0,11,Sandy loam,,SandyLoam
11232,3025.0,40437,11232,WD20011232,11232,2,100,CLlv,CLlv,CL,7,CLl,B,11,1.7,1.54,MW,1,153,0,0,0,0,0,11,Sandy loam,,SandyLoam
11233,27414.0,40436,11233,WD20011233,11233,2,100,CLlv,CLlvsk,CL,7,CLl,B,11,1.7,1.54,MW,1,153,20,0,0,0,0,11,Sandy loam,,SandyLoam
11234,1215.0,17710,11234,WD20011234,11234,2,100,ARbr,ARbrye,AR,4,ARb,B,12,1.34,1.39,SE,1,71,22,0,0,0,0,12,Loamy sand,,LoamySand
11235,5113.0,31337,11235,WD20011235,11235,2,100,AT,AT,AT,5,ATa,B,11,1.58,1.34,MW,1,110,0,0,0,0,0,11,Sandy loam,,SandyLoam
11236,22285.0,19911,11236,WD20011236,11236,2,100,ARca,ARyeca,AR,4,ARc,B,12,1.34,1.62,SE,1,72,22,0,0,0,0,12,Loamy sand,,LoamySand
11238,144970.0,40434,11238,WD20011238,11238,2,100,CLlv,CLlvye,CL,7,CLl,B,11,1.7,1.54,MW,1,153,22,0,0,0,0,11,Sandy loam,,SandyLoam
11244,22442.0,40433,11244,WD20011244,11244,2,100,CLlv,CLlvye,CL,7,CLl,B,11,1.7,1.54,MW,1,153,22,0,0,0,0,11,Sandy loam,,SandyLoam
11245,18322.0,22603,11245,WD20011245,11245,2,100,AR,ARye,AR,4,ARh,B,12,1.28,1.48,SE,1,82,22,0,0,0,0,12,Loamy sand,,LoamySand
11247,12215.0,17704,11247,WD20011247,11247,2,100,ARbr,ARbrye,AR,4,ARb,B,12,1.34,1.39,SE,1,71,22,0,0,0,0,12,Loamy sand,,LoamySand
11248,9754.0,117307,11248,WD20011248,11248,2,100,GLcc,GLcc,GL,13,GLk,B,5,1.89,1.34,VP,1,162,0,0,0,0,0,5,Clay loam,,ClayLoam
11249,11404.0,117329,11249,WD20011249,11249,2,100,GLcc,GLcc,GL,13,GLk,B,5,1.89,1.34,VP,1,162,19,0,0,0,0,5,Clay loam,,ClayLoam
11254,5700.0,117303,11254,WD20011254,11254,2,100,GLcc,GLcc,GL,13,GLk,B,5,1.89,1.34,VP,1,162,0,0,0,0,0,5,Clay loam,,ClayLoam
11255,8213.0,44670,11255,WD20011255,11255,2,100,CMca,CMyeca,CM,8,CMc,B,9,1.71,1.46,MW,1,173,22,0,0,0,0,9,Loam,,Loam
11256,19565.0,36518,11256,WD20011256,11256,2,100,CLha,CLha,CL,7,CLh,B,9,1.68,1.45,MW,1,150,0,0,0,0,0,9,Loam,,Loam
11257,4439.0,36444,11257,WD20011257,11257,2,100,CLha,CLha,CL,7,CLh,B,9,1.68,1.45,MW,1,150,0,0,0,0,0,9,Loam,,Loam
11258,1043.0,36404,11258,WD20011258,11258,2,100,CLha,CLha,CL,7,CLh,B,9,1.68,1.45,MW,1,150,0,0,0,0,0,9,Loam,,Loam
11259,127.0,36406,11259,WD20011259,11259,2,100,CLha,CLha,CL,7,CLh,B,9,1.68,1.45,MW,1,150,0,0,0,0,0,9,Loam,,Loam
11260,4923.0,31332,11260,WD20011260,11260,2,100,AT,ATir,AT,5,ATa,B,11,1.58,1.34,MW,1,110,13,0,0,0,0,11,Sandy loam,,SandyLoam
11261,1131.0,36407,11261,WD20011261,11261,2,100,CLha,CLha,CL,7,CLh,B,9,1.68,1.45,MW,1,150,0,0,0,0,0,9,Loam,,Loam
11262,26956.0,36408,11262,WD20011262,11262,2,100,CLha,CLha,CL,7,CLh,B,9,1.68,1.45,MW,1,150,0,0,0,0,0,9,Loam,,Loam
11263,820.0,40132,11263,WD40011263,11263,2,100,CLha,CLha,CL,7,CLh,D,9,1.78,1.42,MW,1,151,0,0,0,0,0,9,Loam,,Loam
11264,1785.0,36409,11264,WD20011264,11264,2,100,CLha,CLha,CL,7,CLh,B,9,1.68,1.45,MW,1,150,0,0,0,0,0,9,Loam,,Loam
11265,3684.0,31330,11265,WD20011265,11265,2,100,AT,ATir,AT,5,ATa,B,11,1.58,1.34,MW,1,110,13,0,0,0,0,11,Sandy loam,,SandyLoam
11266,1317.0,17705,11266,WD20011266,11266,2,100,ARbr,ARbr,AR,4,ARb,B,12,1.34,1.39,SE,1,71,0,0,0,0,0,12,Loamy sand,,LoamySand
11267,200.0,42098,11267,WD20011267,11267,2,100,CLpt,CLpt,CL,7,CLp,B,11,1.67,1.44,MW,1,101,0,0,0,0,0,11,Sandy loam,,SandyLoam
11268,1370.0,117304,11268,WD20011268,11268,2,100,GLcc,GLcc,GL,13,GLk,B,5,1.89,1.34,VP,1,162,0,0,0,0,0,5,Clay loam,,ClayLoam
11270,834.0,117306,11270,WD20011270,11270,2,100,GLcc,GLcc,GL,13,GLk,B,5,1.89,1.34,VP,1,162,19,0,0,0,0,5,Clay loam,,ClayLoam
11271,12270.0,124802,11271,WD20011271,11271,2,100,GYha,GYha,GY,14,GYh,B,9,1.68,1.29,MW,1,163,0,0,0,0,0,9,Loam,,Loam
11273,1830.0,124781,11273,WD20011273,11273,2,100,GYha,GYye,GY,14,GYh,B,9,1.68,1.29,MW,1,163,22,0,0,0,0,9,Loam,,Loam
11274,7738.0,124780,11274,WD20011274,11274,2,100,GYha,GYye,GY,14,GYh,B,9,1.68,1.29,MW,1,163,22,0,0,0,0,9,Loam,,Loam
11275,29527.0,124779,11275,WD20011275,11275,2,100,GYha,GYye,GY,14,GYh,B,9,1.68,1.29,MW,1,163,22,0,0,0,0,9,Loam,,Loam
11276,8490.0,124772,11276,WD20011276,11276,2,100,GYha,GYye,GY,14,GYh,B,9,1.68,1.29,MW,1,163,22,0,0,0,0,9,Loam,,Loam
11277,11514.0,124776,11277,WD20011277,11277,2,100,GYha,GYha,GY,14,GYh,B,9,1.68,1.29,MW,1,163,0,0,0,0,0,9,Loam,,Loam
11278,1263.0,117321,11278,WD20011278,11278,2,100,GLcc,GLcc,GL,13,GLk,B,5,1.89,1.34,VP,1,162,19,0,0,0,0,5,Clay loam,,ClayLoam
11279,2011.0,117310,11279,WD20011279,11279,2,100,GLcc,GLcc,GL,13,GLk,B,5,1.89,1.34,VP,1,162,19,0,0,0,0,5,Clay loam,,ClayLoam
11285,8436.0,31333,11285,WD20011285,11285,2,100,AT,AT,AT,5,ATa,B,11,1.58,1.34,MW,1,110,0,0,0,0,0,11,Sandy loam,,SandyLoam
11287,89012.0,125167,11287,WD20011287,11287,2,100,GYlx&GYlv,GYlvye,GY,14,GYl,B,11,1.7,1.51,MW,1,162,22,0,0,0,0,11,Sandy loam,,SandyLoam
11289,126.0,125169,11289,WD20011289,11289,2,100,GYlx&GYlv,GYlvye,GY,14,GYl,B,11,1.7,1.51,MW,1,162,22,0,0,0,0,11,Sandy loam,,SandyLoam
11290,257.0,125170,11290,WD20011290,11290,2,100,GYlx&GYlv,GYlvye,GY,14,GYl,B,11,1.7,1.51,MW,1,162,22,0,0,0,0,11,Sandy loam,,SandyLoam
11291,85822.0,125173,11291,WD20011291,11291,2,100,GYlx&GYlv,GYlvye,GY,14,GYl,B,11,1.7,1.51,MW,1,162,22,0,0,0,0,11,Sandy loam,,SandyLoam
11294,419.0,31340,11294,WD20011294,11294,2,100,AT,ATir,AT,5,ATa,B,11,1.58,1.34,MW,1,110,13,0,0,0,0,11,Sandy loam,,SandyLoam
11295,35954.0,22547,11295,WD20011295,11295,2,100,AR,ARye,AR,4,ARh,B,12,1.28,1.48,SE,1,82,22,0,0,0,0,12,Loamy sand,,LoamySand
11296,73056.0,125065,11296,WD20011296,11296,2,100,GYcc,GYyecc,GY,14,GYk,B,9,1.66,1.38,MW,1,149,22,0,0,0,0,9,Loam,,Loam
11298,104311.0,125064,11298,WD20011298,11298,2,100,GYcc,GYyecc,GY,14,GYk,B,9,1.66,1.38,MW,1,149,22,0,0,0,0,9,Loam,,Loam
11300,10592.0,17681,11300,WD20011300,11300,2,100,ARbr,ARbrye,AR,4,ARb,B,12,1.34,1.39,SE,1,71,22,0,0,0,0,12,Loamy sand,,LoamySand
11301,16871.0,125420,11301,WD20011301,11301,2,100,GYpt,GYptye,GY,14,GYp,B,11,1.62,1.19,MW,1,145,22,0,0,0,0,11,Sandy loam,,SandyLoam
11302,732.0,31331,11302,WD20011302,11302,2,100,AT,ATir,AT,5,ATa,B,11,1.58,1.34,MW,1,110,13,0,0,0,0,11,Sandy loam,,SandyLoam
11303,32830.0,125060,11303,WD20011303,11303,2,100,GYcc,GYyecc,GY,14,GYk,B,9,1.66,1.38,MW,1,149,22,0,0,0,0,9,Loam,,Loam
11307,23082.0,125070,11307,WD20011307,11307,2,100,GYcc,GYyecc,GY,14,GYk,B,9,1.66,1.38,MW,1,149,22,0,0,0,0,9,Loam,,Loam
11310,2373.0,117316,11310,WD20011310,11310,2,100,GLcc,GLcc,GL,13,GLk,B,5,1.89,1.34,VP,1,162,22,0,0,0,0,5,Clay loam,,ClayLoam
11311,30812.0,125460,11311,WD20011311,11311,2,100,GYpt,GYptye,GY,14,GYp,B,11,1.62,1.19,MW,1,145,22,0,0,0,0,11,Sandy loam,,SandyLoam
11314,157174.0,125431,11314,WD20011314,11314,2,100,GYpt,GYptye,GY,14,GYp,B,11,1.62,1.19,MW,1,145,22,0,0,0,0,11,Sandy loam,,SandyLoam
11317,65748.0,125421,11317,WD20011317,11317,2,100,GYpt,GYptye,GY,14,GYp,B,11,1.62,1.19,MW,1,145,22,0,0,0,0,11,Sandy loam,,SandyLoam
11321,2729.0,31338,11321,WD20011321,11321,2,100,AT,ATir,AT,5,ATa,B,11,1.58,1.34,MW,1,110,13,0,0,0,0,11,Sandy loam,,SandyLoam
11323,2286.0,49104,11323,WD40011323,11323,2,100,CMca,CMca,CM,8,CMc,D,9,1.71,1.41,MW,1,165,23,0,0,0,0,9,Loam,,Loam
11324,12754.0,44645,11324,WD20011324,11324,2,100,CMca,CMca,CM,8,CMc,B,9,1.71,1.46,MW,1,173,23,0,0,0,0,9,Loam,,Loam
11325,19737.0,44631,11325,WD20011325,11325,2,100,CMca,CMca,CM,8,CMc,B,9,1.71,1.46,MW,1,173,23,0,0,0,0,9,Loam,,Loam
11326,2616.0,65754,11326,WD20011326,11326,2,100,CMgl,CMgl,CM,8,CMg,B,10,1.77,1.38,P,1,159,0,0,0,0,0,10,Sandy clay loam,,SandyClayLoam
11327,24642.0,49102,11327,WD40011327,11327,2,100,CMca,CMca,CM,8,CMc,D,9,1.71,1.41,MW,1,165,23,0,0,0,0,9,Loam,,Loam
11328,174029.0,49101,11328,WD40011328,11328,2,100,CMca,CMca,CM,8,CMc,D,9,1.71,1.41,MW,1,165,23,0,0,0,0,9,Loam,,Loam
11329,18721.0,66425,11329,WD40011329,11329,2,100,CMgl,CMgl,CM,8,CMg,D,9,1.7,1.26,P,1,160,0,0,0,0,0,9,Loam,,Loam
11330,9454.0,66422,11330,WD40011330,11330,2,100,CMgl,CMgl,CM,8,CMg,D,9,1.7,1.26,P,1,160,0,0,0,0,0,9,Loam,,Loam
11331,7270.0,63317,11331,WD40011331,11331,2,100,CMeu,CMeu,CM,8,CMe,D,9,1.59,1.24,MW,1,140,0,0,0,0,0,9,Loam,,Loam
11332,453.0,49098,11332,WD40011332,11332,2,100,CMca,CMca,CM,8,CMc,D,9,1.71,1.41,MW,1,165,0,0,0,0,0,9,Loam,,Loam
11335,23055.0,80677,11335,WD20011335,11335,2,100,FLca,FLca,FL,10,FLc,B,9,1.71,1.49,MW,1,172,0,0,0,0,0,9,Loam,,Loam
11339,2971.0,92977,11339,WD50011339,11339,2,100,UMfv,UMfvkk,UM,32,FLu,E,9,1.69,1.24,MW,1,150,18,0,0,0,0,9,Loam,,Loam
11341,38129.0,82553,11341,WD40011341,11341,2,100,FLca,FLca,FL,10,FLc,D,9,1.7,1.38,MW,1,161,0,0,0,0,0,9,Loam,,Loam
11343,2022.0,82543,11343,WD40011343,11343,2,100,FLca,FLca,FL,10,FLc,D,9,1.7,1.38,MW,1,161,0,0,0,0,0,9,Loam,,Loam
11344,2986.0,90946,11344,WD40011344,11344,2,100,FLeu,FLeu,FL,10,FLe,D,9,1.69,1.41,MW,1,160,0,0,0,0,0,9,Loam,,Loam
11345,2596.0,81928,11345,WD30011345,11345,2,100,FLca,FLca,FL,10,FLc,C,9,1.73,1.42,MW,1,168,0,0,0,0,0,9,Loam,,Loam
11346,1030.0,81922,11346,WD30011346,11346,2,100,FLca,FLca,FL,10,FLc,C,9,1.73,1.42,MW,1,168,0,0,0,0,0,9,Loam,,Loam
11347,743.0,82549,11347,WD40011347,11347,2,100,FLca,FLca,FL,10,FLc,D,9,1.7,1.38,MW,1,161,0,0,0,0,0,9,Loam,,Loam
11349,8531.0,297708,11349,WD20011349,11349,2,100,VRcc,VRccta,VR,33,VRk,B,3,2.03,1.6,P,1,194,21,0,0,0,3,3,Clay (light),,Clay
11351,18495.0,19922,11351,WD20011351,11351,2,100,ARca,ARca,AR,4,ARc,B,12,1.34,1.62,SE,1,72,0,0,0,0,0,12,Loamy sand,,LoamySand
11352,141726.0,17685,11352,WD20011352,11352,2,100,ARbr,ARbrye,AR,4,ARb,B,12,1.34,1.39,SE,1,71,22,0,0,0,0,12,Loamy sand,,LoamySand
11353,590264.0,22540,11353,WD20011353,11353,2,100,AR,ARye,AR,4,ARh,B,12,1.28,1.48,SE,1,82,22,0,0,0,0,12,Loamy sand,,LoamySand
11354,3664.0,19924,11354,WD20011354,11354,2,100,ARca,ARyeca,AR,4,ARc,B,12,1.34,1.62,SE,1,72,22,0,0,0,0,12,Loamy sand,,LoamySand
11355,104594.0,19926,11355,WD20011355,11355,2,100,ARca,ARca,AR,4,ARc,B,12,1.34,1.62,SE,1,72,0,0,0,0,0,12,Loamy sand,,LoamySand
11356,67975.0,17753,11356,WD20011356,11356,2,100,ARbr,ARbrye,AR,4,ARb,B,12,1.34,1.39,SE,1,71,22,0,0,0,0,12,Loamy sand,,LoamySand
11357,36717.0,22608,11357,WD20011357,11357,2,100,AR,ARye,AR,4,ARh,B,12,1.28,1.48,SE,1,82,22,0,0,0,0,12,Loamy sand,,LoamySand
11358,439.0,117915,11358,WD40011358,11358,2,100,GLcc,GLcc,GL,13,GLk,D,9,1.68,1.35,P,1,164,0,0,0,0,0,9,Loam,,Loam
11359,12226.0,117317,11359,WD20011359,11359,2,100,GLcc,GLcc,GL,13,GLk,B,5,1.89,1.34,VP,1,162,0,0,0,0,0,5,Clay loam,,ClayLoam
11360,9816.0,19206,11360,WD40011360,11360,2,100,ARbr,ARbr,AR,4,ARb,D,12,1.2,1.55,SE,1,89,0,0,0,0,0,12,Loamy sand,,LoamySand
11361,3422.0,22606,11361,WD20011361,11361,2,100,AR,ARye,AR,4,ARh,B,12,1.28,1.48,SE,1,82,22,0,0,0,0,12,Loamy sand,,LoamySand
11363,29.0,27497,11363,WD40011363,11363,2,100,ARqg,ARqg,AR,4,ARl,D,12,1.28,1.47,MW,1,87,0,0,0,0,0,12,Loamy sand,,LoamySand
11364,108.0,25520,11364,WD40011364,11364,2,100,AR,AR,AR,4,ARh,D,12,1.2,1.44,SE,1,84,0,0,0,0,0,12,Loamy sand,,LoamySand
11365,3152.0,138155,11365,WD30011365,11365,2,100,LP,LP,LP,18,LP,C,9,1.76,1.11,I,3,38,0,0,0,0,0,9,Loam,,Loam
11366,16373.0,210213,11366,WD30011366,11366,2,100,LXfr,LXfr,LX,20,LXf,C,10,1.75,1.54,MW,1,130,0,0,0,0,0,10,Sandy clay loam,,SandyClayLoam
11367,25119.0,151139,11367,WD30011367,11367,2,100,LPrz,LPrz,LP,18,LPk,C,9,1.81,1.23,I,3,34,0,0,0,0,0,9,Loam,,Loam
11368,93048.0,190823,11368,WD30011368,11368,2,100,LVha,LVle,LV,19,LVh,C,9,1.66,1.5,MW,3,41,2,0,0,0,0,9,Loam,,Loam
11369,71819.0,205857,11369,WD30011369,11369,2,100,LVcr,LVlecrkk,LV,19,LVx,C,5,1.84,1.45,MW,3,41,2,0,0,0,0,5,Clay loam,,ClayLoam
11370,322.0,13166,11370,WD30011370,11370,2,100,AN,AN,AN,3,ANh,C,9,1.69,0.86,MW,1,151,0,0,0,0,0,9,Loam,,Loam
11375,134326.0,51231,11375,WD30011375,11375,2,100,CMdy,CMdy,CM,8,CMd,C,9,1.71,1.25,MW,1,144,0,0,0,0,0,9,Loam,,Loam
11376,80548.0,51253,11376,WD30011376,11376,2,100,CMdy,CMdy,CM,8,CMd,C,9,1.71,1.25,MW,1,144,0,0,0,0,0,9,Loam,,Loam
11377,84433.0,255614,11377,WD30011377,11377,2,100,RGca,RGskca,RG,26,RGc,C,9,1.77,1.49,MW,1,160,20,0,0,0,0,9,Loam,,Loam
11378,27143.0,138170,11378,WD40011378,11378,2,100,LP,LP,LP,18,LP,D,9,1.68,1.26,I,3,34,0,0,0,0,0,9,Loam,,Loam
11379,7069.0,139174,11379,WD30011379,11379,2,100,LPdy,LPdy,LP,18,LPd,C,11,1.65,1.2,I,3,33,0,0,0,0,0,11,Sandy loam,,SandyLoam
11382,7903.0,150170,11382,WD40011382,11382,2,100,LPeu,LPeu,LP,18,LPe,D,9,1.6,1.29,I,3,34,0,0,0,0,0,9,Loam,,Loam
11383,1299.0,150172,11383,WD40011383,11383,2,100,LPeu,LPeu,LP,18,LPe,D,9,1.6,1.29,I,3,34,0,0,0,0,0,9,Loam,,Loam
11384,56.0,150171,11384,WD40011384,11384,2,100,LPeu,LPeu,LP,18,LPe,D,9,1.6,1.29,I,3,34,0,0,0,0,0,9,Loam,,Loam
11385,66540.0,150676,11385,WD20011385,11385,2,100,LPrz,LPrz,LP,18,LPk,B,9,1.78,1.29,I,3,27,0,0,0,0,0,9,Loam,,Loam
11386,139.0,152138,11386,WD40011386,11386,2,100,LPrz,LPrz,LP,18,LPk,D,9,1.75,1.27,I,3,35,0,0,0,0,0,9,Loam,,Loam
11387,148576.0,142247,11387,WD20011387,11387,2,100,LPeu,LPeu,LP,18,LPe,B,11,1.65,1.32,I,3,29,0,0,0,0,0,11,Sandy loam,,SandyLoam
11388,15544.0,270250,11388,WD40011388,11388,2,100,RGeu,RGskeu,RG,26,RGe,D,9,1.66,1.51,MW,1,116,20,0,0,0,0,9,Loam,,Loam
11389,42883.0,258349,11389,WD30011389,11389,2,100,RGdy,RGskdy,RG,26,RGd,C,11,1.64,1.58,MW,1,133,20,0,0,0,0,11,Sandy loam,,SandyLoam
11390,684.0,258346,11390,WD30011390,11390,2,100,RGdy,RGskdy,RG,26,RGd,C,11,1.64,1.58,MW,1,133,20,0,0,0,0,11,Sandy loam,,SandyLoam
11394,35780.0,270253,11394,WD40011394,11394,2,100,RGeu,RGskeu,RG,26,RGe,D,9,1.66,1.51,MW,1,116,20,0,0,0,0,9,Loam,,Loam
11395,28753.0,270248,11395,WD40011395,11395,2,100,RGeu,RGskeu,RG,26,RGe,D,9,1.66,1.51,MW,1,116,20,0,0,0,0,9,Loam,,Loam
11396,1130.0,270251,11396,WD40011396,11396,2,100,RGeu,RGskeu,RG,26,RGe,D,9,1.66,1.51,MW,1,116,20,0,0,0,0,9,Loam,,Loam
11398,1548.0,270252,11398,WD40011398,11398,2,100,RGeu,RGskeu,RG,26,RGe,D,9,1.66,1.51,MW,1,116,20,0,0,0,0,9,Loam,,Loam
11400,92959.0,253285,11400,WD20011400,11400,2,100,RGca,RGskca,RG,26,RGc,B,11,1.62,1.42,MW,1,149,20,0,0,0,0,11,Sandy loam,,SandyLoam
11401,58.0,256268,11401,WD40011401,11401,2,100,RGca,RGskca,RG,26,RGc,D,9,1.76,1.43,MW,1,151,20,0,0,0,0,9,Loam,,Loam
11402,918.0,256273,11402,WD40011402,11402,2,100,RGca,RGskca,RG,26,RGc,D,9,1.76,1.43,MW,1,151,20,0,0,0,0,9,Loam,,Loam
11404,28158.0,229192,11404,WD40011404,11404,2,100,PHha,PHha,PH,22,PHh,D,9,1.79,1.48,MW,1,181,16,0,0,0,0,9,Loam,,Loam
11405,607.0,229191,11405,WD40011405,11405,2,100,PHha,PHha,PH,22,PHh,D,9,1.79,1.48,MW,1,181,16,0,0,0,0,9,Loam,,Loam
11406,71552.0,229189,11406,WD40011406,11406,2,100,PHha,PHha,PH,22,PHh,D,9,1.79,1.48,MW,1,181,16,0,0,0,0,9,Loam,,Loam
11407,70942.0,229186,11407,WD40011407,11407,2,100,PHha,PHha,PH,22,PHh,D,9,1.79,1.48,MW,1,181,16,0,0,0,0,9,Loam,,Loam
11408,52757.0,229185,11408,WD40011408,11408,2,100,PHha,PHha,PH,22,PHh,D,9,1.79,1.48,MW,1,181,16,0,0,0,0,9,Loam,,Loam
11413,85292.0,225376,11413,WD40011413,11413,2,100,PHcc,PHca,PH,22,PHc,D,9,1.8,1.33,MW,1,167,16,0,0,0,0,9,Loam,,Loam
11416,191.0,225370,11416,WD40011416,11416,2,100,PHcc,PHca,PH,22,PHc,D,9,1.8,1.33,MW,1,167,16,0,0,0,0,9,Loam,,Loam
11417,551.0,225196,11417,WD20011417,11417,2,100,PHcc,PHca,PH,22,PHc,B,9,1.78,1.38,MW,1,154,16,0,0,0,0,9,Loam,,Loam
11418,24903.0,225371,11418,WD40011418,11418,2,100,PHcc,PHca,PH,22,PHc,D,9,1.8,1.33,MW,1,167,16,0,0,0,0,9,Loam,,Loam
11419,7035.0,225372,11419,WD40011419,11419,2,100,PHcc,PHca,PH,22,PHc,D,9,1.8,1.33,MW,1,167,16,0,0,0,0,9,Loam,,Loam
11421,1164.0,225373,11421,WD40011421,11421,2,100,PHcc,PHca,PH,22,PHc,D,9,1.8,1.33,MW,1,167,16,0,0,0,0,9,Loam,,Loam
11422,4773.0,230337,11422,WD40011422,11422,2,100,STmo,STmo,ST,30,PHj,D,5,1.85,1.19,P,1,183,16,0,0,0,0,5,Clay loam,,ClayLoam
11423,65161.0,226216,11423,WD40011423,11423,2,100,PHgl,PHgl,PH,22,PHg,D,5,1.82,1.32,P,1,170,16,0,0,0,0,5,Clay loam,,ClayLoam
11425,72810.0,226217,11425,WD40011425,11425,2,100,PHgl,PHgl,PH,22,PHg,D,5,1.82,1.32,P,1,170,16,0,0,0,0,5,Clay loam,,ClayLoam
11427,9743.0,226085,11427,WD20011427,11427,2,100,PHgl,PHgl,PH,22,PHg,B,5,1.93,1.36,P,1,175,16,0,0,0,0,5,Clay loam,,ClayLoam
11428,126.0,226218,11428,WD40011428,11428,2,100,PHgl,PHgl,PH,22,PHg,D,5,1.82,1.32,P,1,170,16,0,0,0,0,5,Clay loam,,ClayLoam
11431,5511.0,226214,11431,WD40011431,11431,2,100,PHgl,PHgl,PH,22,PHg,D,5,1.82,1.32,P,1,170,16,0,0,0,0,5,Clay loam,,ClayLoam
11433,3219.0,296518,11433,WD30011433,11433,2,100,VRha,DUvr,VR,33,VRe,C,3,2.03,1.72,P,1,198,9,0,0,0,3,3,Clay (light),,Clay
11434,21847.0,296513,11434,WD30011434,11434,2,100,VRha,DUvr,VR,33,VRe,C,3,2.03,1.72,P,1,198,9,0,0,0,3,3,Clay (light),,Clay
11435,10561.0,81843,11435,WD30011435,11435,2,100,FLca,DUca,FL,10,FLc,C,9,1.73,1.42,MW,1,168,9,0,0,0,0,9,Loam,,Loam
11436,6035.0,293569,11436,WD30011436,11436,2,100,VRha,DUvr,VR,33,VRd,C,3,2.02,1.64,P,1,201,9,0,0,0,3,3,Clay (light),,Clay
11437,9254.0,81859,11437,WD30011437,11437,2,100,FLca,DUca,FL,10,FLc,C,9,1.73,1.42,MW,1,168,9,0,0,0,0,9,Loam,,Loam
11438,892.0,117722,11438,WD30011438,11438,2,100,GLcc,DUcagl,GL,13,GLk,C,5,1.86,1.34,VP,1,164,9,0,0,0,0,5,Clay loam,,ClayLoam
11439,640.0,296510,11439,WD30011439,11439,2,100,VRha,DUvr,VR,33,VRe,C,3,2.03,1.72,P,1,198,9,0,0,0,3,3,Clay (light),,Clay
11440,405.0,82547,11440,WD40011440,11440,2,100,FLca,DUca,FL,10,FLc,D,9,1.7,1.38,MW,1,161,9,0,0,0,0,9,Loam,,Loam
11441,3192.0,297642,11441,WD40011441,11441,2,100,VRha,DUvr,VR,33,VRe,D,3,2.02,1.58,P,1,202,9,0,0,0,3,3,Clay (light),,Clay
11442,11635.0,81851,11442,WD30011442,11442,2,100,FLca,DUca,FL,10,FLc,C,9,1.73,1.42,MW,1,168,9,0,0,0,0,9,Loam,,Loam
11443,220.0,117721,11443,WD30011443,11443,2,100,GLcc,DUcagl,GL,13,GLk,C,5,1.86,1.34,VP,1,164,9,0,0,0,0,5,Clay loam,,ClayLoam
11444,36.0,117720,11444,WD30011444,11444,2,100,GLcc,DUcagl,GL,13,GLk,C,5,1.86,1.34,VP,1,164,9,0,0,0,0,5,Clay loam,,ClayLoam
11448,2199.0,53397,11448,WD40011448,11448,2,100,CMdy,CMdy,CM,8,CMd,D,9,1.51,1.18,MW,1,130,0,0,0,0,0,9,Loam,,Loam
11449,493.0,44622,11449,WD20011449,11449,2,100,CMca,CMca,CM,8,CMc,B,9,1.71,1.46,MW,1,173,0,0,0,0,0,9,Loam,,Loam
11450,15.0,49091,11450,WD40011450,11450,2,100,CMca,CMca,CM,8,CMc,D,9,1.71,1.41,MW,1,165,0,0,0,0,0,9,Loam,,Loam
11451,148.0,49109,11451,WD40011451,11451,2,100,CMca,CMca,CM,8,CMc,D,9,1.71,1.41,MW,1,165,0,0,0,0,0,9,Loam,,Loam
11452,25.0,49082,11452,WD40011452,11452,2,100,CMca,CMca,CM,8,CMc,D,9,1.71,1.41,MW,1,165,0,0,0,0,0,9,Loam,,Loam
11453,2358.0,70652,11453,WD30011453,11453,2,100,UMcm,UMcm,UM,32,CMu,C,9,1.75,0.99,MW,1,144,0,0,0,0,0,9,Loam,,Loam
11454,6389.0,80676,11454,WD20011454,11454,2,100,FLca,FLca,FL,10,FLc,B,9,1.71,1.49,MW,1,172,0,0,0,0,0,9,Loam,,Loam
11455,2672.0,92138,11455,WD20011455,11455,2,100,SCfv,SCfv,SC,28,FLs,B,9,1.8,1.4,MW,1,166,0,0,0,0,0,9,Loam,,Loam
11458,619.0,92130,11458,WD20011458,11458,2,100,SCfv,SCfv,SC,28,FLs,B,9,1.8,1.4,MW,1,166,0,0,0,0,0,9,Loam,,Loam
11460,31938.0,80675,11460,WD20011460,11460,2,100,FLca,FLca,FL,10,FLc,B,9,1.71,1.49,MW,1,172,0,0,0,0,0,9,Loam,,Loam
11461,1839.0,82552,11461,WD40011461,11461,2,100,FLca,FLca,FL,10,FLc,D,9,1.7,1.38,MW,1,161,0,0,0,0,0,9,Loam,,Loam
11462,22032.0,82525,11462,WD40011462,11462,2,100,FLca,FLca,FL,10,FLc,D,9,1.7,1.38,MW,1,161,0,0,0,0,0,9,Loam,,Loam
11463,240.0,82529,11463,WD40011463,11463,2,100,FLca,FLca,FL,10,FLc,D,9,1.7,1.38,MW,1,161,0,0,0,0,0,9,Loam,,Loam
11464,7751.0,82530,11464,WD40011464,11464,2,100,FLca,FLca,FL,10,FLc,D,9,1.7,1.38,MW,1,161,0,0,0,0,0,9,Loam,,Loam
11465,97.0,82540,11465,WD40011465,11465,2,100,FLca,FLca,FL,10,FLc,D,9,1.7,1.38,MW,1,161,0,0,0,0,0,9,Loam,,Loam
11466,15514.0,82531,11466,WD40011466,11466,2,100,FLca,FLca,FL,10,FLc,D,9,1.7,1.38,MW,1,161,0,0,0,0,0,9,Loam,,Loam
11467,499.0,80680,11467,WD20011467,11467,2,100,FLca,FLca,FL,10,FLc,B,9,1.71,1.49,MW,1,172,0,0,0,0,0,9,Loam,,Loam
11468,227.0,81907,11468,WD30011468,11468,2,100,FLca,FLca,FL,10,FLc,C,9,1.73,1.42,MW,1,168,0,0,0,0,0,9,Loam,,Loam
11469,1115.0,81929,11469,WD30011469,11469,2,100,FLca,FLca,FL,10,FLc,C,9,1.73,1.42,MW,1,168,0,0,0,0,0,9,Loam,,Loam
11472,27428.0,82527,11472,WD40011472,11472,2,100,FLca,FLca,FL,10,FLc,D,9,1.7,1.38,MW,1,161,0,0,0,0,0,9,Loam,,Loam
11473,1232.0,80671,11473,WD20011473,11473,2,100,FLca,FLca,FL,10,FLc,B,9,1.71,1.49,MW,1,172,0,0,0,0,0,9,Loam,,Loam
11474,35299.0,82544,11474,WD40011474,11474,2,100,FLca,FLca,FL,10,FLc,D,9,1.7,1.38,MW,1,161,0,0,0,0,0,9,Loam,,Loam
11476,101325.0,82545,11476,WD40011476,11476,2,100,FLca,FLca,FL,10,FLc,D,9,1.7,1.38,MW,1,161,0,0,0,0,0,9,Loam,,Loam
11478,998.0,82536,11478,WD40011478,11478,2,100,FLca,FLca,FL,10,FLc,D,9,1.7,1.38,MW,1,161,0,0,0,0,0,9,Loam,,Loam
11479,6423.0,82538,11479,WD40011479,11479,2,100,FLca,FLca,FL,10,FLc,D,9,1.7,1.38,MW,1,161,0,0,0,0,0,9,Loam,,Loam
11480,104.0,80669,11480,WD20011480,11480,2,100,FLca,FLca,FL,10,FLc,B,9,1.71,1.49,MW,1,172,0,0,0,0,0,9,Loam,,Loam
11481,26231.0,81898,11481,WD30011481,11481,2,100,FLca,FLca,FL,10,FLc,C,9,1.73,1.42,MW,1,168,0,0,0,0,0,9,Loam,,Loam
11482,100.0,82526,11482,WD40011482,11482,2,100,FLca,FLca,FL,10,FLc,D,9,1.7,1.38,MW,1,161,0,0,0,0,0,9,Loam,,Loam
11483,13091.0,89105,11483,WD30011483,11483,2,100,FLeu,FLeu,FL,10,FLe,C,9,1.72,1.42,MW,1,170,0,0,0,0,0,9,Loam,,Loam
11484,167.0,89136,11484,WD30011484,11484,2,100,FLeu,FLeu,FL,10,FLe,C,9,1.72,1.42,MW,1,170,0,0,0,0,0,9,Loam,,Loam
11485,1782.0,89096,11485,WD30011485,11485,2,100,FLeu,FLeu,FL,10,FLe,C,9,1.72,1.42,MW,1,170,0,0,0,0,0,9,Loam,,Loam
11486,6688.0,89097,11486,WD30011486,11486,2,100,FLeu,FLeu,FL,10,FLe,C,9,1.72,1.42,MW,1,170,0,0,0,0,0,9,Loam,,Loam
11489,1550.0,89100,11489,WD30011489,11489,2,100,FLeu,FLeu,FL,10,FLe,C,9,1.72,1.42,MW,1,170,0,0,0,0,0,9,Loam,,Loam
11491,1555.0,89112,11491,WD30011491,11491,2,100,FLeu,FLeu,FL,10,FLe,C,9,1.72,1.42,MW,1,170,0,0,0,0,0,9,Loam,,Loam
11493,3754.0,89118,11493,WD30011493,11493,2,100,FLeu,FLeu,FL,10,FLe,C,9,1.72,1.42,MW,1,170,0,0,0,0,0,9,Loam,,Loam
11495,17550.0,81915,11495,WD30011495,11495,2,100,FLca,FLca,FL,10,FLc,C,9,1.73,1.42,MW,1,168,0,0,0,0,0,9,Loam,,Loam
11499,6030.0,81890,11499,WD30011499,11499,2,100,FLca,FLca,FL,10,FLc,C,9,1.73,1.42,MW,1,168,0,0,0,0,0,9,Loam,,Loam
11502,3290.0,44641,11502,WD20011502,11502,2,100,CMca,CMca,CM,8,CMc,B,9,1.71,1.46,MW,1,173,0,0,0,0,0,9,Loam,,Loam
11503,183.0,47737,11503,WD30011503,11503,2,100,CMca,CMca,CM,8,CMc,C,5,1.83,1.48,MW,1,168,0,0,0,0,0,5,Clay loam,,ClayLoam
11504,467.0,49096,11504,WD40011504,11504,2,100,CMca,CMca,CM,8,CMc,D,9,1.71,1.41,MW,1,165,0,0,0,0,0,9,Loam,,Loam
11505,1050.0,44642,11505,WD20011505,11505,2,100,CMca,CMca,CM,8,CMc,B,9,1.71,1.46,MW,1,173,0,0,0,0,0,9,Loam,,Loam
11506,2634.0,47738,11506,WD30011506,11506,2,100,CMca,CMca,CM,8,CMc,C,5,1.83,1.48,MW,1,168,0,0,0,0,0,5,Clay loam,,ClayLoam
11507,1090.0,49097,11507,WD40011507,11507,2,100,CMca,CMca,CM,8,CMc,D,9,1.71,1.41,MW,1,165,0,0,0,0,0,9,Loam,,Loam
11508,3197.0,44683,11508,WD20011508,11508,2,100,CMca,CMca,CM,8,CMc,B,9,1.71,1.46,MW,1,173,0,0,0,0,0,9,Loam,,Loam
11509,13498.0,44677,11509,WD20011509,11509,2,100,CMca,CMca,CM,8,CMc,B,9,1.71,1.46,MW,1,173,0,0,0,0,0,9,Loam,,Loam
11511,37.0,49085,11511,WD40011511,11511,2,100,CMca,CMca,CM,8,CMc,D,9,1.71,1.41,MW,1,165,0,0,0,0,0,9,Loam,,Loam
11512,11.0,49095,11512,WD40011512,11512,2,100,CMca,CMca,CM,8,CMc,D,9,1.71,1.41,MW,1,165,0,0,0,0,0,9,Loam,,Loam
11513,3890.0,117718,11513,WD30011513,11513,2,100,GLcc,GLcc,GL,13,GLk,C,5,1.86,1.34,VP,1,164,16,0,0,0,0,5,Clay loam,,ClayLoam
11514,91.0,117320,11514,WD20011514,11514,2,100,GLcc,GLcc,GL,13,GLk,B,5,1.89,1.34,VP,1,162,16,0,0,0,0,5,Clay loam,,ClayLoam
11515,1150.0,117910,11515,WD40011515,11515,2,100,GLcc,GLcc,GL,13,GLk,D,9,1.68,1.35,P,1,164,16,0,0,0,0,9,Loam,,Loam
11516,1845.0,117920,11516,WD40011516,11516,2,100,GLcc,GLcc,GL,13,GLk,D,9,1.68,1.35,P,1,164,16,0,0,0,0,9,Loam,,Loam
11518,41296.0,92131,11518,WD20011518,11518,2,100,SCfv,SCfv,SC,28,FLs,B,9,1.8,1.4,MW,1,166,19,0,0,0,0,9,Loam,,Loam
11519,2560.0,92313,11519,WD40011519,11519,2,100,SCfv,SCfv,SC,28,FLs,D,9,1.64,1.37,MW,1,142,19,0,0,0,0,9,Loam,,Loam
11520,9088.0,92314,11520,WD40011520,11520,2,100,SCfv,SCfv,SC,28,FLs,D,9,1.64,1.37,MW,1,142,19,0,0,0,0,9,Loam,,Loam
11521,295.0,92315,11521,WD40011521,11521,2,100,SCfv,SCfv,SC,28,FLs,D,9,1.64,1.37,MW,1,142,19,0,0,0,0,9,Loam,,Loam
11522,5269.0,92279,11522,WD30011522,11522,2,100,SCfv,SCfv,SC,28,FLs,C,9,1.8,1.37,MW,1,160,19,0,0,0,0,9,Loam,,Loam
11523,8060.0,92316,11523,WD40011523,11523,2,100,SCfv,SCfv,SC,28,FLs,D,9,1.64,1.37,MW,1,142,19,0,0,0,0,9,Loam,,Loam
11524,4325.0,92278,11524,WD30011524,11524,2,100,SCfv,SCfv,SC,28,FLs,C,9,1.8,1.37,MW,1,160,19,0,0,0,0,9,Loam,,Loam
11525,14384.0,92320,11525,WD40011525,11525,2,100,SCfv,SCfv,SC,28,FLs,D,9,1.64,1.37,MW,1,142,19,0,0,0,0,9,Loam,,Loam
11526,4623.0,92122,11526,WD20011526,11526,2,100,SCfv,SCfv,SC,28,FLs,B,9,1.8,1.4,MW,1,166,19,0,0,0,0,9,Loam,,Loam
11531,4733.0,285379,11531,WD30011531,11531,2,100,SNgl,SNgl,SN,29,SNg,C,7,1.69,1.38,P,1,157,0,0,0,0,0,7,Silt loam,,SiltLoam
11532,228.0,285647,11532,WD40011532,11532,2,100,SNgl,SNgl,SN,29,SNg,D,9,1.72,1.46,P,1,154,0,0,0,0,0,9,Loam,,Loam
11533,3376.0,31535,11533,WD20011533,11533,2,100,ATpa&ATtr,AThy,AT,5,ATc,B,9,1.73,1.39,MW,1,134,0,0,0,0,0,9,Loam,,Loam
11534,86.0,32260,11534,WD40011534,11534,2,100,ATpa&ATtr,AThy,AT,5,ATc,D,9,1.78,1.35,MW,1,135,0,0,0,0,0,9,Loam,,Loam
11535,33259.0,119432,11535,WD40011535,11535,2,100,GLmo,GLmo,GL,13,GLm,D,5,1.82,1.11,VP,1,178,0,0,0,0,0,5,Clay loam,,ClayLoam
11536,9.0,118426,11536,WD20011536,11536,2,100,GLmo,GLmo,GL,13,GLm,B,3,1.97,1.29,VP,1,196,16,0,0,0,0,3,Clay (light),,Clay
11538,5386.0,118427,11538,WD20011538,11538,2,100,GLmo,GLmo,GL,13,GLm,B,3,1.97,1.29,VP,1,196,16,0,0,0,0,3,Clay (light),,Clay
11539,83948.0,119429,11539,WD40011539,11539,2,100,GLmo,GLmo,GL,13,GLm,D,5,1.82,1.11,VP,1,178,16,0,0,0,0,5,Clay loam,,ClayLoam
11540,100540.0,119430,11540,WD40011540,11540,2,100,GLmo,GLmo,GL,13,GLm,D,5,1.82,1.11,VP,1,178,16,0,0,0,0,5,Clay loam,,ClayLoam
11543,5630.0,279468,11543,WD20011543,11543,2,100,SCgl,SCgl,SC,28,SCg,B,5,1.84,1.33,P,1,89,19,0,0,0,0,5,Clay loam,,ClayLoam
11550,66.0,111499,11550,WD40011550,11550,2,100,GLeu,GLeu,GL,13,GLe,D,9,1.74,1.22,P,1,172,0,0,0,0,0,9,Loam,,Loam
11551,7191.0,133164,11551,WD40011551,11551,2,100,HSsa,HSsa,HS,15,HSs,D,9,1.71,0.46,VP,1,191,16,0,0,0,0,9,Loam,,Loam
11553,400.0,127461,11553,WD20011553,11553,2,100,HSfi,HSfi,HS,15,HSf,B,5,1.89,0.14,VP,1,209,16,0,0,0,0,5,Clay loam,,ClayLoam
11554,51.0,278526,11554,WD20011554,11554,2,100,SC,SC,SC,28,SC,B,9,1.76,1.42,MW,1,84,16,0,0,0,0,9,Loam,,Loam
11555,55884.0,284013,11555,WD20011555,11555,2,100,SCmo,SCmo,SC,28,SCm,B,11,1.65,1.42,MW,1,74,16,0,0,0,0,11,Sandy loam,,SandyLoam
11556,13931.0,284016,11556,WD20011556,11556,2,100,SCmo,SCmo,SC,28,SCm,B,11,1.65,1.42,MW,1,74,16,0,0,0,0,11,Sandy loam,,SandyLoam
11558,13308.0,284012,11558,WD20011558,11558,2,100,SCmo,SCmo,SC,28,SCm,B,11,1.65,1.42,MW,1,74,16,0,0,0,0,11,Sandy loam,,SandyLoam
11561,8085.0,284440,11561,WD20011561,11561,2,100,SCgy,SCgyye,SC,28,SCy,B,9,1.72,1.32,MW,1,59,22,0,0,0,0,9,Loam,,Loam
11568,13457.0,279470,11568,WD20011568,11568,2,100,SCgl,SCgl,SC,28,SCg,B,5,1.84,1.33,P,1,89,16,0,0,0,0,5,Clay loam,,ClayLoam
11573,1389.0,284220,11573,WD20011573,11573,2,100,SCcso,Scccso,SC,28,SCn,B,9,1.68,1.6,MW,1,78,16,0,0,0,0,9,Loam,,Loam
11574,1851.0,283518,11574,WD20011574,11574,2,100,SCcc,SCccye,SC,28,SCk,B,9,1.81,1.42,MW,1,80,22,0,0,0,0,9,Loam,,Loam
11578,283.0,284451,11578,WD20011578,11578,2,100,SCgy,SCgyye,SC,28,SCy,B,9,1.72,1.32,MW,1,59,22,0,0,0,0,9,Loam,,Loam
11581,17814.0,283527,11581,WD20011581,11581,2,100,SCcc,SCccye,SC,28,SCk,B,9,1.81,1.42,MW,1,80,22,0,0,0,0,9,Loam,,Loam
11583,2388.0,283272,11583,WD40011583,11583,2,100,SCha,SCha,SC,28,SCh,D,9,1.8,1.42,MW,1,95,16,0,0,0,0,9,Loam,,Loam
11585,939.0,283044,11585,WD30011585,11585,2,100,SCha,SCha,SC,28,SCh,C,9,1.79,1.45,MW,1,87,16,0,0,0,0,9,Loam,,Loam
11586,10862.0,283268,11586,WD40011586,11586,2,100,SCha,SCha,SC,28,SCh,D,9,1.8,1.42,MW,1,95,16,0,0,0,0,9,Loam,,Loam
11587,2835.0,283267,11587,WD40011587,11587,2,100,SCha,SCha,SC,28,SCh,D,9,1.8,1.42,MW,1,95,16,0,0,0,0,9,Loam,,Loam
11589,1916.0,280570,11589,WD40011589,11589,2,100,SCgl,SCgl,SC,28,SCg,D,9,1.67,1.33,P,1,90,16,0,0,0,0,9,Loam,,Loam
11590,3627.0,283057,11590,WD30011590,11590,2,100,SCha,SCha,SC,28,SCh,C,9,1.79,1.45,MW,1,87,16,0,0,0,0,9,Loam,,Loam
11593,661.0,283259,11593,WD40011593,11593,2,100,SCha,SCha,SC,28,SCh,D,9,1.8,1.42,MW,1,95,16,0,0,0,0,9,Loam,,Loam
11594,2857.0,283263,11594,WD40011594,11594,2,100,SCha,SCha,SC,28,SCh,D,9,1.8,1.42,MW,1,95,16,0,0,0,0,9,Loam,,Loam
11598,4734.0,283262,11598,WD40011598,11598,2,100,SCha,SCha,SC,28,SCh,D,9,1.8,1.42,MW,1,95,16,0,0,0,0,9,Loam,,Loam
11600,6633.0,285668,11600,WD40011600,11600,2,100,SNgl,SNgl,SN,29,SNg,D,9,1.72,1.46,P,1,154,16,0,0,0,0,9,Loam,,Loam
11601,1434.0,286671,11601,WD20011601,11601,2,100,SNha,SNha,SN,29,SNh,B,9,1.73,1.58,MW,1,153,16,0,0,0,0,9,Loam,,Loam
11602,292.0,290770,11602,WD20011602,11602,2,100,SNcc,SNcc,SN,29,SNk,B,9,1.73,1.51,MW,1,151,16,0,0,0,0,9,Loam,,Loam
11604,177096.0,31815,11604,WD30011604,11604,2,100,ATpa&ATtr,AThy,AT,5,ATc,C,9,1.78,1.4,MW,1,135,13,0,0,0,0,9,Loam,,Loam
11605,128028.0,31817,11605,WD30011605,11605,2,100,ATpa&ATtr,AThy,AT,5,ATc,C,9,1.78,1.4,MW,1,135,13,0,0,0,0,9,Loam,,Loam
11613,43155.0,31793,11613,WD30011613,11613,2,100,ATpa&ATtr,AThy,AT,5,ATc,C,9,1.78,1.4,MW,1,135,13,0,0,0,0,9,Loam,,Loam
11621,477.0,31825,11621,WD30011621,11621,2,100,ATpa&ATtr,AThy,AT,5,ATc,C,9,1.78,1.4,MW,1,135,13,0,0,0,0,9,Loam,,Loam
11625,5189.0,12513,11625,WD30011625,11625,2,100,PTha,PTir,PT,24,ALp,C,9,1.72,1.52,P,1,182,13,0,0,0,0,9,Loam,,Loam
11627,17944.0,31832,11627,WD30011627,11627,2,100,ATpa&ATtr,AThy,AT,5,ATc,C,9,1.78,1.4,MW,1,135,13,0,0,0,0,9,Loam,,Loam
11634,4397.0,31840,11634,WD30011634,11634,2,100,ATpa&ATtr,AThy,AT,5,ATc,C,9,1.78,1.4,MW,1,135,13,0,0,0,0,9,Loam,,Loam
11637,6833.0,32267,11637,WD40011637,11637,2,100,ATpa&ATtr,AThy,AT,5,ATc,D,9,1.78,1.35,MW,1,135,13,0,0,0,0,9,Loam,,Loam
11641,933.0,31848,11641,WD30011641,11641,2,100,ATpa&ATtr,AThy,AT,5,ATc,C,9,1.78,1.4,MW,1,135,13,0,0,0,0,9,Loam,,Loam
11642,51.0,31849,11642,WD30011642,11642,2,100,ATpa&ATtr,AThy,AT,5,ATc,C,9,1.78,1.4,MW,1,135,13,0,0,0,0,9,Loam,,Loam
11643,730.0,8358,11643,WD30011643,11643,2,100,PTha,PTir,PT,24,ACp,C,11,1.56,1.48,P,1,120,13,0,0,0,0,11,Sandy loam,,SandyLoam
11645,33892.0,31845,11645,WD30011645,11645,2,100,ATpa&ATtr,AThy,AT,5,ATc,C,9,1.78,1.4,MW,1,135,13,0,0,0,0,9,Loam,,Loam
11651,3225.0,31803,11651,WD30011651,11651,2,100,ATpa&ATtr,AThy,AT,5,ATc,C,9,1.78,1.4,MW,1,135,13,0,0,0,0,9,Loam,,Loam
11652,2574.0,31827,11652,WD30011652,11652,2,100,ATpa&ATtr,AThy,AT,5,ATc,C,9,1.78,1.4,MW,1,135,13,0,0,0,0,9,Loam,,Loam
11656,3710.0,31804,11656,WD30011656,11656,2,100,ATpa&ATtr,AThy,AT,5,ATc,C,9,1.78,1.4,MW,1,135,13,0,0,0,0,9,Loam,,Loam
11663,15012.0,109869,11663,WD30011663,11663,2,100,GLeu,GLireu,GL,13,GLe,C,5,1.84,1.22,VP,1,168,13,0,0,0,0,5,Clay loam,,ClayLoam
11664,17.0,109936,11664,WD30011664,11664,2,100,GLeu,GLireu,GL,13,GLe,C,5,1.84,1.22,VP,1,168,13,0,0,0,0,5,Clay loam,,ClayLoam
11665,157.0,109873,11665,WD30011665,11665,2,100,GLeu,GLireu,GL,13,GLe,C,5,1.84,1.22,VP,1,168,13,0,0,0,0,5,Clay loam,,ClayLoam
11668,1195.0,31810,11668,WD30011668,11668,2,100,ATpa&ATtr,AThy,AT,5,ATc,C,9,1.78,1.4,MW,1,135,13,0,0,0,0,9,Loam,,Loam
11675,2107.0,31816,11675,WD30011675,11675,2,100,ATpa&ATtr,AThy,AT,5,ATc,C,9,1.78,1.4,MW,1,135,13,0,0,0,0,9,Loam,,Loam
11677,3715.0,31819,11677,WD30011677,11677,2,100,ATpa&ATtr,AThy,AT,5,ATc,C,9,1.78,1.4,MW,1,135,13,0,0,0,0,9,Loam,,Loam
11681,5512.0,283054,11681,WD30011681,11681,2,100,SCha,SCha,SC,28,SCh,C,9,1.79,1.45,MW,1,87,13,0,0,0,0,9,Loam,,Loam
11686,158.0,31524,11686,WD20011686,11686,2,100,ATpa&ATtr,AThy,AT,5,ATc,B,9,1.73,1.39,MW,1,134,16,0,0,0,0,9,Loam,,Loam
11687,13803.0,31534,11687,WD20011687,11687,2,100,ATpa&ATtr,AThy,AT,5,ATc,B,9,1.73,1.39,MW,1,134,16,0,0,0,0,9,Loam,,Loam
11690,5675.0,31529,11690,WD20011690,11690,2,100,ATpa&ATtr,AThy,AT,5,ATc,B,9,1.73,1.39,MW,1,134,16,0,0,0,0,9,Loam,,Loam
11691,2526.0,31528,11691,WD20011691,11691,2,100,ATpa&ATtr,AThy,AT,5,ATc,B,9,1.73,1.39,MW,1,134,16,0,0,0,0,9,Loam,,Loam
11692,5761.0,31527,11692,WD20011692,11692,2,100,ATpa&ATtr,AThy,AT,5,ATc,B,9,1.73,1.39,MW,1,134,19,0,0,0,0,9,Loam,,Loam
11696,492.0,31522,11696,WD20011696,11696,2,100,ATpa&ATtr,AThy,AT,5,ATc,B,9,1.73,1.39,MW,1,134,16,0,0,0,0,9,Loam,,Loam
11697,3153.0,31521,11697,WD20011697,11697,2,100,ATpa&ATtr,AThy,AT,5,ATc,B,9,1.73,1.39,MW,1,134,16,0,0,0,0,9,Loam,,Loam
11698,12028.0,31520,11698,WD20011698,11698,2,100,ATpa&ATtr,AThy,AT,5,ATc,B,9,1.73,1.39,MW,1,134,16,0,0,0,0,9,Loam,,Loam
11700,220.0,31517,11700,WD20011700,11700,2,100,ATpa&ATtr,AThy,AT,5,ATc,B,9,1.73,1.39,MW,1,134,16,0,0,0,0,9,Loam,,Loam
11701,326.0,31530,11701,WD20011701,11701,2,100,ATpa&ATtr,AThy,AT,5,ATc,B,9,1.73,1.39,MW,1,134,19,0,0,0,0,9,Loam,,Loam
11705,469468.0,150278,11705,WD40011705,11705,2,100,CRlp,CRlp,CR,9,LPi,D,11,1.61,1.26,I,3,29,0,0,0,0,2,11,Sandy loam,,SandyLoam
11706,1886.0,150272,11706,WD40011706,11706,2,100,CRlp,CRlp,CR,9,LPi,D,11,1.61,1.26,I,3,29,0,0,0,0,2,11,Sandy loam,,SandyLoam
11707,1148.0,67861,11707,WD50011707,11707,2,100,CRcm,CRcmkk,CR,9,CMi,E,9,1.65,0.75,MW,1,168,18,0,0,0,2,9,Loam,,Loam
11708,56.0,67195,11708,WD40011708,11708,2,100,CRcm,CRcmkk,CR,9,CMi,D,9,1.61,0.78,MW,1,136,18,0,0,0,2,9,Loam,,Loam
11710,2772.0,67193,11710,WD40011710,11710,2,100,CRcm,CRcmkk,CR,9,CMi,D,9,1.61,0.78,MW,1,136,18,0,0,0,2,9,Loam,,Loam
11711,169587.0,150321,11711,WD50011711,11711,2,100,CRlp,CRlp,CR,9,LPi,E,11,1.61,1.22,I,3,29,0,0,0,0,2,11,Sandy loam,,SandyLoam
11712,397.0,150275,11712,WD40011712,11712,2,100,CRlp,CRlp,CR,9,LPi,D,11,1.61,1.26,I,3,29,0,0,0,0,2,11,Sandy loam,,SandyLoam
11713,304.0,67859,11713,WD50011713,11713,2,100,CRcm,CRcmkk,CR,9,CMi,E,9,1.65,0.75,MW,1,168,18,0,0,0,2,9,Loam,,Loam
11714,1059.0,67192,11714,WD40011714,11714,2,100,CRcm,CRcmkk,CR,9,CMi,D,9,1.61,0.78,MW,1,136,18,0,0,0,2,9,Loam,,Loam
11715,64.0,67189,11715,WD40011715,11715,2,100,CRcm,CRcmkk,CR,9,CMi,D,9,1.61,0.78,MW,1,136,18,0,0,0,2,9,Loam,,Loam
11719,42325.0,67188,11719,WD40011719,11719,2,100,CRcm,CRlecm,CR,9,CMi,D,9,1.61,0.78,MW,3,36,2,0,0,0,2,9,Loam,,Loam
11720,152.0,150276,11720,WD40011720,11720,2,100,CRlp,CRlp,CR,9,LPi,D,11,1.61,1.26,I,3,29,0,0,0,0,2,11,Sandy loam,,SandyLoam
11721,10289.0,116325,11721,WD50011721,11721,2,100,CRra,CRgl,CR,9,GLi,E,9,1.68,0.86,P,1,157,16,0,0,0,2,9,Loam,,Loam
11722,849.0,112930,11722,WD40011722,11722,2,100,CRra,CRgl,CR,9,GLi,D,7,1.58,0.84,P,1,168,16,0,0,0,2,7,Silt loam,,SiltLoam
11723,327.0,154791,11723,WD40011723,11723,2,100,LPmo,LPmo,LP,18,LPm,D,9,1.68,1.22,I,3,36,0,0,0,0,0,9,Loam,,Loam
11724,212439.0,154792,11724,WD40011724,11724,2,100,LPmo,LPmo,LP,18,LPm,D,9,1.68,1.22,I,3,36,0,0,0,0,0,9,Loam,,Loam
11725,35366.0,154793,11725,WD40011725,11725,2,100,LPmo,LPmo,LP,18,LPm,D,9,1.68,1.22,I,3,36,0,0,0,0,0,9,Loam,,Loam
11726,698.0,49093,11726,WD40011726,11726,2,100,CMca,CMkkca,CM,8,CMc,D,9,1.71,1.41,MW,1,165,18,0,0,0,0,9,Loam,,Loam
11727,105500.0,150168,11727,WD40011727,11727,2,100,LPeu,LPeu,LP,18,LPe,D,9,1.6,1.29,I,3,34,0,0,0,0,0,9,Loam,,Loam
11728,409.0,111497,11728,WD40011728,11728,2,100,GLeu,GLeu,GL,13,GLe,D,9,1.74,1.22,P,1,172,16,0,0,0,0,9,Loam,,Loam
11730,381695.0,150273,11730,WD40011730,11730,2,100,CRlp,CRlp,CR,9,LPi,D,11,1.61,1.26,I,3,29,0,0,0,0,2,11,Sandy loam,,SandyLoam
11732,147994.0,67186,11732,WD40011732,11732,2,100,CRcm,CRcmkk,CR,9,CMi,D,9,1.61,0.78,MW,1,136,18,0,0,0,2,9,Loam,,Loam
11733,20269.0,67008,11733,WD20011733,11733,2,100,CRcm,CRcmkk,CR,9,CMi,B,9,1.63,0.76,MW,1,133,18,0,0,0,2,9,Loam,,Loam
11736,137098.0,150225,11736,WD20011736,11736,2,100,CRlp,CRlp,CR,9,LPi,B,10,1.74,1.39,I,3,36,0,0,0,0,2,10,Sandy clay loam,,SandyClayLoam
11738,7380.0,67858,11738,WD50011738,11738,2,100,CRcm,CRcmkk,CR,9,CMi,E,9,1.65,0.75,MW,1,168,18,0,0,0,2,9,Loam,,Loam
11741,221468.0,150226,11741,WD20011741,11741,2,100,CRlp,CRlp,CR,9,LPi,B,10,1.74,1.39,I,3,36,0,0,0,0,2,10,Sandy clay loam,,SandyClayLoam
11743,6335.0,67855,11743,WD50011743,11743,2,100,CRcm,CRcmkk,CR,9,CMi,E,9,1.65,0.75,MW,1,168,18,0,0,0,2,9,Loam,,Loam
11744,9646.0,67197,11744,WD40011744,11744,2,100,CRcm,CRcmkk,CR,9,CMi,D,9,1.61,0.78,MW,1,136,18,0,0,0,2,9,Loam,,Loam
11748,127184.0,142280,11748,WD20011748,11748,2,100,LPeu,LPeu,LP,18,LPe,B,11,1.65,1.32,I,3,29,0,0,0,0,0,11,Sandy loam,,SandyLoam
11752,17047.0,142278,11752,WD20011752,11752,2,100,LPeu,LPeu,LP,18,LPe,B,11,1.65,1.32,I,3,29,0,0,0,0,0,11,Sandy loam,,SandyLoam
11755,39997.0,150679,11755,WD20011755,11755,2,100,LPrz,LPrz,LP,18,LPk,B,9,1.78,1.29,I,3,27,0,0,0,0,0,9,Loam,,Loam
11763,38344.0,150228,11763,WD20011763,11763,2,100,CRlp,CRlp,CR,9,LPi,B,10,1.74,1.39,I,3,36,0,0,0,0,2,10,Sandy clay loam,,SandyClayLoam
11765,418440.0,150227,11765,WD20011765,11765,2,100,CRlp,CRlp,CR,9,LPi,B,10,1.74,1.39,I,3,36,0,0,0,0,2,10,Sandy clay loam,,SandyClayLoam
11839,90982.0,12253,11839,WD30011839,11839,2,100,ALha,ALha,AL,2,ALh,C,9,1.69,1.47,MW,1,163,0,0,0,0,0,9,Loam,,Loam
11853,12519.0,51209,11853,WD30011853,11853,2,100,CMdy,CMdy,CM,8,CMd,C,9,1.71,1.25,MW,1,144,0,0,0,0,0,9,Loam,,Loam
11857,37014.0,191008,11857,WD30011857,11857,2,100,LVha,LVha,LV,19,LVh,C,9,1.66,1.5,MW,1,159,0,0,0,0,0,9,Loam,,Loam
11858,22154.0,191039,11858,WD30011858,11858,2,100,LVha,LVha,LV,19,LVh,C,9,1.66,1.5,MW,1,159,0,0,0,0,0,9,Loam,,Loam
11859,374.0,191041,11859,WD30011859,11859,2,100,LVha,LVha,LV,19,LVh,C,9,1.66,1.5,MW,1,159,0,0,0,0,0,9,Loam,,Loam
11861,18797.0,191048,11861,WD30011861,11861,2,100,LVha,LVha,LV,19,LVh,C,9,1.66,1.5,MW,1,159,0,0,0,0,0,9,Loam,,Loam
11862,286.0,191032,11862,WD30011862,11862,2,100,LVha,LVha,LV,19,LVh,C,9,1.66,1.5,MW,1,159,0,0,0,0,0,9,Loam,,Loam
11863,1782.0,191054,11863,WD30011863,11863,2,100,LVha,LVkk,LV,19,LVh,C,9,1.66,1.5,MW,1,159,18,0,0,0,0,9,Loam,,Loam
11864,120286.0,190815,11864,WD30011864,11864,2,100,LVha,LVha,LV,19,LVh,C,9,1.66,1.5,MW,1,159,0,0,0,0,0,9,Loam,,Loam
11865,5965.0,191114,11865,WD30011865,11865,2,100,LVha,LVha,LV,19,LVh,C,9,1.66,1.5,MW,1,159,0,0,0,0,0,9,Loam,,Loam
11869,17129.0,191076,11869,WD30011869,11869,2,100,LVha,LVha,LV,19,LVh,C,9,1.66,1.5,MW,1,159,0,0,0,0,0,9,Loam,,Loam
11870,40393.0,51221,11870,WD30011870,11870,2,100,CMdy,CMdy,CM,8,CMd,C,9,1.71,1.25,MW,1,144,0,0,0,0,0,9,Loam,,Loam
11871,5823.0,51241,11871,WD30011871,11871,2,100,CMdy,CMdy,CM,8,CMd,C,9,1.71,1.25,MW,1,144,0,0,0,0,0,9,Loam,,Loam
11872,4494.0,51240,11872,WD30011872,11872,2,100,CMdy,CMdy,CM,8,CMd,C,9,1.71,1.25,MW,1,144,0,0,0,0,0,9,Loam,,Loam
11873,104.0,59889,11873,WD30011873,11873,2,100,CMeu,CMeu,CM,8,CMe,C,9,1.71,1.41,MW,1,150,0,0,0,0,0,9,Loam,,Loam
11874,3699.0,59888,11874,WD30011874,11874,2,100,CMeu,CMkkeu,CM,8,CMe,C,9,1.71,1.41,MW,1,150,18,0,0,0,0,9,Loam,,Loam
11875,31821.0,235391,11875,WD30011875,11875,2,100,PLeu,Plmo,PL,23,PLe,C,9,1.72,1.3,P,1,181,8,0,0,0,0,9,Loam,,Loam
11876,20331.0,235380,11876,WD30011876,11876,2,100,PLeu,Plmo,PL,23,PLe,C,9,1.72,1.3,P,1,181,8,0,0,0,0,9,Loam,,Loam
11877,7828.0,233005,11877,WD30011877,11877,2,100,PLdy,PLfgdy,PL,23,PLd,C,9,1.6,1.45,P,1,175,8,0,0,0,0,9,Loam,,Loam
11878,13452.0,59876,11878,WD30011878,11878,2,100,CMeu,CMfgeu,CM,8,CMe,C,9,1.71,1.41,MW,1,150,8,0,0,0,0,9,Loam,,Loam
11879,120526.0,191111,11879,WD30011879,11879,2,100,LVha,LVha,LV,19,LVh,C,9,1.66,1.5,MW,1,159,0,0,0,0,0,9,Loam,,Loam
11880,96740.0,194679,11880,WD40011880,11880,2,100,LVha,LVha,LV,19,LVh,D,7,1.69,1.48,MW,1,159,0,0,0,0,0,7,Silt loam,,SiltLoam
11881,8773.0,194680,11881,WD40011881,11881,2,100,LVha,LVha,LV,19,LVh,D,7,1.69,1.48,MW,1,159,0,0,0,0,0,7,Silt loam,,SiltLoam
11882,5143.0,194676,11882,WD40011882,11882,2,100,LVha,LVha,LV,19,LVh,D,7,1.69,1.48,MW,1,159,0,0,0,0,0,7,Silt loam,,SiltLoam
11883,10302.0,191106,11883,WD30011883,11883,2,100,LVha,LVha,LV,19,LVh,C,9,1.66,1.5,MW,1,159,0,0,0,0,0,9,Loam,,Loam
11884,8508.0,191120,11884,WD30011884,11884,2,100,LVha,LVha,LV,19,LVh,C,9,1.66,1.5,MW,1,159,0,0,0,0,0,9,Loam,,Loam
11885,4786.0,194689,11885,WD40011885,11885,2,100,LVha,LVha,LV,19,LVh,D,7,1.69,1.48,MW,1,159,0,0,0,0,0,7,Silt loam,,SiltLoam
11886,136.0,194681,11886,WD40011886,11886,2,100,LVha,LVha,LV,19,LVh,D,7,1.69,1.48,MW,1,159,0,0,0,0,0,7,Silt loam,,SiltLoam
11887,496.0,194688,11887,WD40011887,11887,2,100,LVha,LVha,LV,19,LVh,D,7,1.69,1.48,MW,1,159,0,0,0,0,0,7,Silt loam,,SiltLoam
11888,1658.0,194686,11888,WD40011888,11888,2,100,LVha,LVha,LV,19,LVh,D,7,1.69,1.48,MW,1,159,0,0,0,0,0,7,Silt loam,,SiltLoam
11889,4056.0,181827,11889,WD30011889,11889,2,100,LVab,LVab,LV,19,LVa,C,9,1.64,1.39,MW,1,159,0,0,0,0,0,9,Loam,,Loam
11890,2511.0,181826,11890,WD30011890,11890,2,100,LVab,LVab,LV,19,LVa,C,9,1.64,1.39,MW,1,159,0,0,0,0,0,9,Loam,,Loam
11891,911.0,181831,11891,WD30011891,11891,2,100,LVab,LVab,LV,19,LVa,C,9,1.64,1.39,MW,1,159,0,0,0,0,0,9,Loam,,Loam
11892,424.0,181830,11892,WD30011892,11892,2,100,LVab,LVab,LV,19,LVa,C,9,1.64,1.39,MW,1,159,0,0,0,0,0,9,Loam,,Loam
11893,29509.0,187465,11893,WD40011893,11893,2,100,LVgl,LVgl,LV,19,LVg,D,7,1.73,1.51,P,1,176,0,0,0,0,0,7,Silt loam,,SiltLoam
11894,252.0,187468,11894,WD40011894,11894,2,100,LVgl,LVgl,LV,19,LVg,D,7,1.73,1.51,P,1,176,0,0,0,0,0,7,Silt loam,,SiltLoam
11895,349.0,187471,11895,WD40011895,11895,2,100,LVgl,LVgl,LV,19,LVg,D,7,1.73,1.51,P,1,176,0,0,0,0,0,7,Silt loam,,SiltLoam
11896,1084.0,187466,11896,WD40011896,11896,2,100,LVgl,LVgl,LV,19,LVg,D,7,1.73,1.51,P,1,176,0,0,0,0,0,7,Silt loam,,SiltLoam
11897,1140.0,187435,11897,WD40011897,11897,2,100,LVgl,LVgl,LV,19,LVg,D,7,1.73,1.51,P,1,176,0,0,0,0,0,7,Silt loam,,SiltLoam
11898,4643.0,187431,11898,WD40011898,11898,2,100,LVgl,LVgl,LV,19,LVg,D,7,1.73,1.51,P,1,176,0,0,0,0,0,7,Silt loam,,SiltLoam
11899,26972.0,63315,11899,WD40011899,11899,2,100,CMeu,CMeu,CM,8,CMe,D,9,1.59,1.24,MW,1,140,23,0,0,0,0,9,Loam,,Loam
11900,22803.0,63311,11900,WD40011900,11900,2,100,CMeu,CMeu,CM,8,CMe,D,9,1.59,1.24,MW,1,140,23,0,0,0,0,9,Loam,,Loam
11901,1293.0,63310,11901,WD40011901,11901,2,100,CMeu,CMeu,CM,8,CMe,D,9,1.59,1.24,MW,1,140,23,0,0,0,0,9,Loam,,Loam
11902,468.0,63308,11902,WD40011902,11902,2,100,CMeu,CMleeu,CM,8,CMe,D,9,1.59,1.24,MW,3,38,2,0,0,0,0,9,Loam,,Loam
11903,4476.0,63278,11903,WD40011903,11903,2,100,CMeu,CMeu,CM,8,CMe,D,9,1.59,1.24,MW,1,140,23,0,0,0,0,9,Loam,,Loam
11904,2942.0,63277,11904,WD40011904,11904,2,100,CMeu,CMeu,CM,8,CMe,D,9,1.59,1.24,MW,1,140,23,0,0,0,0,9,Loam,,Loam
11905,1067.0,59873,11905,WD30011905,11905,2,100,CMeu,CMeu,CM,8,CMe,C,9,1.71,1.41,MW,1,150,0,0,0,0,0,9,Loam,,Loam
11906,326.0,63280,11906,WD40011906,11906,2,100,CMeu,CMeu,CM,8,CMe,D,9,1.59,1.24,MW,1,140,0,0,0,0,0,9,Loam,,Loam
11907,39.0,63282,11907,WD40011907,11907,2,100,CMeu,CMeu,CM,8,CMe,D,9,1.59,1.24,MW,1,140,0,0,0,0,0,9,Loam,,Loam
11908,290.0,59902,11908,WD30011908,11908,2,100,CMeu,CMkkeu,CM,8,CMe,C,9,1.71,1.41,MW,1,150,18,0,0,0,0,9,Loam,,Loam
11909,250912.0,194682,11909,WD40011909,11909,2,100,LVha,LVha,LV,19,LVh,D,7,1.69,1.48,MW,1,159,0,0,0,0,0,7,Silt loam,,SiltLoam
11910,191058.0,194683,11910,WD40011910,11910,2,100,LVha,LVha,LV,19,LVh,D,7,1.69,1.48,MW,1,159,0,0,0,0,0,7,Silt loam,,SiltLoam
11911,38533.0,194691,11911,WD40011911,11911,2,100,LVha,LVha,LV,19,LVh,D,7,1.69,1.48,MW,1,159,0,0,0,0,0,7,Silt loam,,SiltLoam
11917,20708.0,182115,11917,WD40011917,11917,2,100,LVab,LVab,LV,19,LVa,D,9,1.61,1.36,MW,1,161,0,0,0,0,0,9,Loam,,Loam
11918,37051.0,194677,11918,WD40011918,11918,2,100,LVha,LVha,LV,19,LVh,D,7,1.69,1.48,MW,1,159,0,0,0,0,0,7,Silt loam,,SiltLoam
11920,46551.0,63350,11920,WD40011920,11920,2,100,CMeu,CMeu,CM,8,CMe,D,9,1.59,1.24,MW,1,140,0,0,0,0,0,9,Loam,,Loam
11925,501.0,291481,11925,WD40011925,11925,2,100,TC,TC,TC,31,UR,D,0,0.0,-9.0,,1,0,0,0,0,0,0,0,,,Default
11926,26149.0,275605,11926,WD30011926,11926,2,100,LPnt,LPnt,LP,18,RK,C,0,0.0,-3.0,,4,0,0,0,0,0,0,0,,,Default
11927,124747.0,299779,11927,WD30011927,11927,2,100,WR,WR,WR,34,WR,C,0,0.0,-1.0,,1,0,0,0,0,0,0,0,,,Default
11928,21399.0,299782,11928,WD30011928,11928,2,100,WR,WR,WR,34,WR,C,0,0.0,-1.0,,1,0,0,0,0,0,0,0,,,Default
11929,404.0,79740,11929,WD30011929,11929,2,100,ARpr & ARay,ARpr,AR,4,DS,C,0,0.0,-4.0,,1,0,0,0,0,0,0,0,,,Default
11930,86276.0,102119,11930,WD20011930,11930,2,100,GG,GG,GG,12,GG,B,0,0.0,-2.0,,1,0,0,0,0,0,0,0,,,Default
11933,58686.0,291434,11933,WD20011933,11933,2,100,SCjz,SCjz,SC,28,ST,B,0,0.0,-5.0,,1,0,0,0,0,0,0,0,,,Default
11934,2463.0,92991,11934,WD40011934,11934,2,100,AT,AT,AT,5,FP,D,0,0.0,-9.0,,1,0,0,0,0,0,0,0,,,Default
13540,21.0,229183,13540,WD40013540,13540,3,100,PHha,PHha,PH,22,PHh,D,9,1.79,1.48,MW,1,181,0,0,0,0,0,9,Loam,,Loam
13575,435.0,32407,13575,WD40013575,13575,3,100,CH,CH,CH,6,CH,D,9,1.8,1.39,MW,1,155,0,0,0,0,0,9,Loam,,Loam
13592,235.0,134006,13592,WD20013592,13592,3,100,KSha,KSha,KS,17,KSh,B,9,1.71,1.47,MW,1,174,0,0,0,0,0,9,Loam,,Loam
13620,66.0,227343,13620,WD20013620,13620,3,100,PHha,PHha,PH,22,PHh,B,5,1.87,1.44,MW,1,135,0,0,0,0,0,5,Clay loam,,ClayLoam
13654,100.0,135321,13654,WD40013654,13654,3,100,KSha,KSha,KS,17,KSh,D,9,1.72,1.43,MW,1,158,0,0,0,0,0,9,Loam,,Loam
13661,32.0,134031,13661,WD20013661,13661,3,100,KSha,KSha,KS,17,KSh,B,9,1.71,1.47,MW,1,174,0,0,0,0,0,9,Loam,,Loam
13673,10.0,227339,13673,WD20013673,13673,3,100,PHha,PHha,PH,22,PHh,B,5,1.87,1.44,MW,1,135,0,0,0,0,0,5,Clay loam,,ClayLoam
13683,26.0,136261,13683,WD20013683,13683,3,100,KScc,KScc,KS,17,KSk,B,9,1.77,1.4,MW,1,153,0,0,0,0,0,9,Loam,,Loam
13684,2.0,35059,13684,WD40013684,13684,3,100,CHlv,CHlv,CH,6,CHl,D,9,1.79,1.36,MW,1,164,0,0,0,0,0,9,Loam,,Loam
13686,10.0,136266,13686,WD20013686,13686,3,100,KScc,KScc,KS,17,KSk,B,9,1.77,1.4,MW,1,153,0,0,0,0,0,9,Loam,,Loam
13744,195.0,32409,13744,WD40013744,13744,3,100,CH,CH,CH,6,CH,D,9,1.8,1.39,MW,1,155,0,0,0,0,0,9,Loam,,Loam
13747,358.0,32772,13747,WD40013747,13747,3,100,CHha,CHha,CH,6,CHh,D,9,1.75,1.29,MW,1,139,0,0,0,0,0,9,Loam,,Loam
13752,143.0,135319,13752,WD40013752,13752,3,100,KSha,KSha,KS,17,KSh,D,9,1.72,1.43,MW,1,158,0,0,0,0,0,9,Loam,,Loam
13772,2.0,118400,13772,WD20013772,13772,3,60,GLmo,GLmo,GL,13,GLm,B,3,1.97,1.29,VP,1,196,0,0,0,0,0,3,Clay (light),,Clay
13801,1.0,19974,13801,WD20013801,13801,3,100,ARca,ARca,AR,4,ARc,B,12,1.34,1.62,SE,1,72,0,0,0,0,0,12,Loamy sand,,LoamySand
13891,112.0,136272,13891,WD20013891,13891,3,100,KScc,KScc,KS,17,KSk,B,9,1.77,1.4,MW,1,153,0,0,0,0,0,9,Loam,,Loam
13895,33.0,133810,13895,WD20013895,13895,3,100,KS,KS,KS,17,KS,B,9,1.74,1.45,MW,1,157,0,0,0,0,0,9,Loam,,Loam
13937,180.0,136273,13937,WD20013937,13937,3,90,KScc,KScc,KS,17,KSk,B,9,1.77,1.4,MW,1,153,0,0,0,0,0,9,Loam,,Loam
13959,574.0,36617,13959,WD20013959,13959,3,100,CLha,CLha,CL,7,CLh,B,9,1.68,1.45,MW,1,150,0,0,0,0,0,9,Loam,,Loam
14133,328.0,36497,14133,WD20014133,14133,3,100,CLha,CLha,CL,7,CLh,B,9,1.68,1.45,MW,1,150,0,0,0,0,0,9,Loam,,Loam
14295,179.0,44443,14295,WD20014295,14295,3,100,CMca,CMca,CM,8,CMc,B,9,1.71,1.46,MW,1,173,0,0,0,0,0,9,Loam,,Loam
17945,55976.0,125189,17945,WD20017945,17945,3,90,GYlx&GYlv,GYlelvkk,GY,14,GYl,B,11,1.7,1.51,MW,1,162,1,0,0,0,0,11,Sandy loam,,SandyLoam
18007,35374.0,227407,18007,WD20018007,18007,3,70,PHha,PHha,PH,22,PHh,B,5,1.87,1.44,MW,1,135,0,0,0,0,0,5,Clay loam,,ClayLoam
18009,15207.0,134026,18009,WD20018009,18009,3,60,KSha,KSha,KS,17,KSh,B,9,1.71,1.47,MW,1,174,0,0,0,0,0,9,Loam,,Loam
18010,18751.0,229202,18010,WD40018010,18010,3,50,PHha,PHha,PH,22,PHh,D,9,1.79,1.48,MW,1,181,0,0,0,0,0,9,Loam,,Loam
18011,13859.0,134024,18011,WD20018011,18011,3,80,KSha,KSha,KS,17,KSh,B,9,1.71,1.47,MW,1,174,0,0,0,0,0,9,Loam,,Loam
18013,9900.0,134022,18013,WD20018013,18013,3,90,KSha,KSha,KS,17,KSh,B,9,1.71,1.47,MW,1,174,0,0,0,0,0,9,Loam,,Loam
18014,5746.0,32517,18014,WD20018014,18014,3,60,CHha,CHha,CH,6,CHh,B,9,1.74,1.26,MW,1,137,0,0,0,0,0,9,Loam,,Loam
18022,6868.0,134125,18022,WD20018022,18022,3,80,KSha,KSha,KS,17,KSh,B,9,1.71,1.47,MW,1,174,0,0,0,0,0,9,Loam,,Loam
18034,52190.0,40374,18034,WD20018034,18034,3,100,CLlv,CLlvkk,CL,7,CLl,B,11,1.7,1.54,MW,1,153,1,0,0,0,0,11,Sandy loam,,SandyLoam
18037,4796.0,286717,18037,WD20018037,18037,3,70,SNha,SNkk,SN,29,SNh,B,9,1.73,1.58,MW,1,153,1,0,0,0,0,9,Loam,,Loam
18038,43046.0,40382,18038,WD20018038,18038,3,100,CLlv,CLlvkk,CL,7,CLl,B,11,1.7,1.54,MW,1,153,1,0,0,0,0,11,Sandy loam,,SandyLoam
18042,11338.0,286723,18042,WD20018042,18042,3,60,SNha,SNha,SN,29,SNh,B,9,1.73,1.58,MW,1,153,0,0,0,0,0,9,Loam,,Loam
26408,7178.0,135362,26408,WD40026408,26408,3,70,KSha,KSha,KS,17,KSh,D,9,1.72,1.43,MW,1,158,0,0,0,0,0,9,Loam,,Loam
